dealId,keywords,title,startDate,endDate,poweredBy,percentageValue,targetEntityId,redeemableCount,orderType,expiresIn,image,description,targetBranches,onlineAvailable,likedByMe,dislikedByMe,targetEntityName,targetEntityLogo,isRedeemable,redeemedCount,redemptionDetails,likeCount,dislikeCount
91063,[''],FLAT 50% off on Everything,2023-01-12T18:10:00,2023-01-22T23:59:00,NONE,50,805,0,OUTLET,234588,https://d2liqplnt17rh6.cloudfront.net/dealImages/Deals_8e8a66f0-4d56-4fbd-841d-a3082b74bb7d-314.jpeg,"* Annual Winter Sale just got bigger!
* Enjoy Annual Winter Sale with Flat 50% Off on everything
* Available in-stores and online at https://bit.ly/3Xl1IgC
* Terms & Conditions apply","{'359180': 'Bahria Town Islamabad Branch', '359182': 'Centaurus Mall Islamabad Branch', '359183': 'F-7 Markaz Islamabad Branch', '359184': 'F-10  Islamabad Branch', '359185': 'Giga Mall Islamabad Branch'}",True,false,false,Shahnameh,https://d2liqplnt17rh6.cloudfront.net/logoImages/LogoRecovered_e976a282-3019-4248-b673-6acbbe151449-678.jpeg,False,0,"{'isRedeemable': False, 'redeemableCount': 0, 'redeemedCount': 0}",,
91062,[''],UP TO 30% off on Winter Stock,2023-01-12T18:05:00,2023-01-15T23:59:00,NONE,30,7138,0,OUTLET,234588,https://d2liqplnt17rh6.cloudfront.net/dealImages/Deals_a13994b3-b99f-42ad-b388-7552284b0c66-211.jpeg,"* Mega discounts on the Winter Stock!
* Uniworth’s Winter Week Sale is giving you a chance to shop for Flat 15% & 30% Off.
* Visit the stores or shop online
* https://bit.ly/3GzOndw
* Terms & Conditions apply","{'41579': 'F-7 Markaz Islamabad Branch', '211299': ' F 10 Markaz Islamabad Branch', '211300': ' F-6 Markaz Islamabad Branch', '211304': 'PWD Rwalpindi Branch', '347025': 'Giga Mall', '347026': 'The Centaurus Mall Islamabad Branch', '347027': 'Beverly Centre Islamabad Branch', '347029': 'Safa Gold Mall Islamabad Branch'}",True,false,false,Uniworth Shop,https://d2liqplnt17rh6.cloudfront.net/logoImages/uni_7f5ae5b0-34ea-46ff-b7b8-78fd06bf413f-40.jpeg,False,0,"{'isRedeemable': False, 'redeemableCount': 0, 'redeemedCount': 0}",,
91060,[''],UP TO 51% off,2023-01-12T17:59:00,2023-01-22T23:59:00,NONE,51,1578,0,OUTLET,234588,https://d2liqplnt17rh6.cloudfront.net/dealImages/Deals_b13f294e-4597-47c6-8db2-480d3b1c6d13-393.jpeg,"* Stylo's most awaited Winter Sale of Up to 51% Off is going live
* Rush to your nearest Stylo Shoes outlet or shop online at https://stylo.pk/
* Terms & Conditions apply","{'6172': 'Super Market Islamabad Branch', '6173': 'Sajid Plaza Islamabad Branch', '6174': 'Centaurus Mall Islamabad Branch', '101583': 'Giga Mall Islamabad Branch'}",True,false,false,Stylo Shoes,https://d2liqplnt17rh6.cloudfront.net/logoImages/692209df-a51e-4d9a-bcf7-54f134822a97-449.jpg,False,0,"{'isRedeemable': False, 'redeemableCount': 0, 'redeemedCount': 0}",,
91058,[''],FLAT 50% off on Entire Stock,2023-01-12T17:54:00,2023-01-22T23:59:00,NONE,50,1076,0,OUTLET,234588,https://d2liqplnt17rh6.cloudfront.net/dealImages/Deals_642b6278-5e51-4cd3-a8d3-4356578d43af-312.jpeg,"* Cougar End of Winter Season Sale is live now. 
* Get Flat 50% Off on entire collection incorporating versatile and comfy articles
* Rush over to your nearest store or shop online https://bit.ly/31q2uRV
* Terms & Conditions apply","{'3907': 'Centaurus Mall Islamabad Branch', '3908': 'Safa Gold Mall Islamabad Branch', '3909': 'F-10 Markaz Islamabad Branch', '101596': 'Giga Mall Islamabad Branch'}",True,false,false,Cougar,https://d2liqplnt17rh6.cloudfront.net/logoImages/f5ef4957-419e-4031-907d-fcfbb1f9f9aa-510.jpg,False,0,"{'isRedeemable': False, 'redeemableCount': 0, 'redeemedCount': 0}",,
91057,[''],FLAT 50% off on Everything,2023-01-12T17:49:00,2023-01-22T23:59:00,NONE,50,1071,0,OUTLET,234588,https://d2liqplnt17rh6.cloudfront.net/dealImages/Deals_fbd5aac1-a179-4df4-b117-3e81ed71930e-841.jpeg,"* Shop the sale and save more on your favorites!
* Annual Winter Sale bring Flat 50% Off on everything
* Sale is Live online and In-stores
* https://www.leisureclub.pk/
* Terms & Conditions apply","{'3860': 'City Centre Islamabad Branch', '3861': 'F-10 Markaz Islamabad Branch', '3862': 'Centaurus Mall Islamabad Branch', '1154406': 'WTC Giga Mall Islamabad Branch', '1154407': 'Amazon Mall Islamabad Branch'}",True,false,false,Leisure Club,https://d2liqplnt17rh6.cloudfront.net/logoImages/37e7d557-7d72-4ec1-80fb-068bf8f0d33a-756.jpg,False,0,"{'isRedeemable': False, 'redeemableCount': 0, 'redeemedCount': 0}",,
91056,[''],UP TO 50% off,2023-01-12T17:42:00,2023-01-22T23:59:00,NONE,50,28080,0,OUTLET,234588,https://d2liqplnt17rh6.cloudfront.net/dealImages/Deals_342be59f-0ec4-41ab-9012-75d0474fc77d-544.jpeg,"* Histreet is offering Hot Winter Offer with Flat 50% and Flat 30% Off
* Grab hurry up and enjoy this super offer on your favorite product
* Available In-stores and online at https://histreet.pk/
* Terms & Conditions apply",{},True,false,false,Hi Street,https://d2liqplnt17rh6.cloudfront.net/logoImages/logo_5073b63d-3696-4b3e-905e-5293ba5af85a-502.jpeg,False,0,"{'isRedeemable': False, 'redeemableCount': 0, 'redeemedCount': 0}",,
91040,[''],UP TO 50% off,2023-01-12T10:12:00,2023-01-15T23:59:00,NONE,50,192,0,OUTLET,234588,https://d2liqplnt17rh6.cloudfront.net/dealImages/Deals3_d51ad21f-467e-48dc-80d9-bc8c3f0bd73c-875.jpeg,"* 1st step shoes & bags brings Winter Sale of Upto 50% Off on the Entire Winter Collection. 
* Sale goes live online and in stores.
* Shop online at https://www.1ststep.pk
* Terms & Conditions apply","{'435': 'Centaurus Mall Islamabad Branch', '436': 'F-10 Markaz Islamabad Branch'}",True,false,false,1st Step Shoes & Bags,https://d2liqplnt17rh6.cloudfront.net/logoImages/5b66d964-d14a-4921-bdb5-a83c12a2ce9d.jpg,False,0,"{'isRedeemable': False, 'redeemableCount': 0, 'redeemedCount': 0}",,
91039,[''],FLAT 40% off on Entire Stock,2023-01-12T09:59:00,2023-01-15T23:59:00,NONE,40,1064,0,OUTLET,234588,https://d2liqplnt17rh6.cloudfront.net/dealImages/Deals2_42aa0112-40e2-425e-a7d2-6d355ab9e77c-515.jpeg,"* Mark your calendar for the biggest Sale of this season
* Flat 40% off on the entire stock  
* in stores & online 
* https://www.ittehadtextiles.com
* Terms & Conditions apply",{},True,false,false,Ittehad,https://d2liqplnt17rh6.cloudfront.net/logoImages/Ittehad_ee90cc14-6acd-4474-9723-e90065984992-577.jpeg,False,0,"{'isRedeemable': False, 'redeemableCount': 0, 'redeemedCount': 0}",,
91038,[''],FLAT 50% off,2023-01-12T09:50:00,2023-01-15T23:59:00,NONE,50,14453,0,OUTLET,234588,https://d2liqplnt17rh6.cloudfront.net/dealImages/Deals1_02b6c4a8-2c22-49a7-aec6-5f67857d77a3-992.jpeg,"* The winter mega sale Flat 50% off on all Unstitched Premium and Pret Collection
* What are you waiting for
* Grab your favorite outfits now and avail the biggest sale of the season
* In-stores & online
* https://tinyurl.com/4zk4j75m
* Terms & Conditions apply",{},True,false,false,Ace Galleria,https://d2liqplnt17rh6.cloudfront.net/logoImages/ace_8f1c3b31-fbff-43fb-a8a7-a11d3e9a4263-503.jpeg,False,0,"{'isRedeemable': False, 'redeemableCount': 0, 'redeemedCount': 0}",,
91033,[''],FLAT 50% off,2023-01-11T17:42:00,2023-01-15T23:59:00,NONE,50,14889,0,OUTLET,234588,https://d2liqplnt17rh6.cloudfront.net/dealImages/Deals_3c31a16b-7e60-4c8d-9ccc-e9b5f3136c5f-153.jpeg,"* Winter Sale Flat 50% Off is now live on Hope Not Out
* Rush to our website to get your favorite designs before they run out
* Shop Now: https://www.hopenotout.com/
* Terms & Conditions apply",{},True,false,false,Hope Not Out,https://d2liqplnt17rh6.cloudfront.net/logoImages/logo_95edee5e-21fb-4c19-a4cd-24b31a775357-907.jpeg,False,0,"{'isRedeemable': False, 'redeemableCount': 0, 'redeemedCount': 0}",,
91029,[''],UP TO 70% off,2023-01-11T17:25:00,2023-01-15T23:59:00,NONE,70,5200,0,OUTLET,234588,https://d2liqplnt17rh6.cloudfront.net/dealImages/Deals_3bcb758b-a2c6-4541-81a7-46b05114a4e5-540.jpeg,"* Winter Blockbuster Sale Up to 70% Off on your favourite footwear & accessories
* Visit your nearest store or shop online at https://heelsshoes.pk/
* Terms & Conditions apply",{},True,false,false,Heels,https://d2liqplnt17rh6.cloudfront.net/logoImages/38af630d-6079-403a-a024-f72d6dcebca1-550.jpeg,False,0,"{'isRedeemable': False, 'redeemableCount': 0, 'redeemedCount': 0}",,
91028,[''],UP TO 50% off,2023-01-11T17:05:00,2023-01-15T23:59:00,NONE,50,816,0,OUTLET,234588,https://d2liqplnt17rh6.cloudfront.net/dealImages/Deals_8685f31c-80d4-4b63-b958-6f3f62f89f92-730.jpeg,"* Grab Our Latest Collections at Up to 50% Off Now.
* Visit the Stores or Shop Online at https://www.minnieminors.com/
* Terms & Conditions apply","{'7857': 'F-10 Markaz Islamabad Branch', '7858': 'Safa Gold Mall Islamabad Branch', '7859': 'Centaurus Mall Islamabad Branch', '7860': 'F-7 Islamabad Branch', '360928': 'F-6 Markaz Islamabad Branch', '947001': 'Giga Mall Islamabad Branch', '947002': 'Centaurus Mall-1 Islamabad Branch', '947003': 'Amazon Mall Islamabad Branch'}",True,false,false,Minnie Minors,https://d2liqplnt17rh6.cloudfront.net/logoImages/ed201a65-42a5-43e6-849c-2141f6dc6ad8-565.png,False,0,"{'isRedeemable': False, 'redeemableCount': 0, 'redeemedCount': 0}",,
91027,[''],UP TO 60% off,2023-01-11T16:59:00,2023-01-15T23:59:00,NONE,60,5020,0,OUTLET,234588,https://d2liqplnt17rh6.cloudfront.net/dealImages/Deals_8122326a-9598-408a-83b3-793ffb62aebc-42.jpeg,"* The Most-awaited End of Season Sale is Now Live!
* Get Flat 60% & 30% Off on Your Favorite Categories and Look Absolutely Smart!
* In-stores & Online at: https://expostore.pk/
* Terms & Conditions apply",{},True,false,false,Expostore,https://d2liqplnt17rh6.cloudfront.net/logoImages/87f3e1e1-6d13-4e4e-afb1-11b4a4ef64dc-396.jpeg,False,0,"{'isRedeemable': False, 'redeemableCount': 0, 'redeemedCount': 0}",,
91022,[''],UP TO 50% off,2023-01-11T14:51:00,2023-01-15T23:59:00,NONE,50,6896,0,OUTLET,234588,https://d2liqplnt17rh6.cloudfront.net/dealImages/Deals15_c1caa8ed-a257-4c4e-a69d-828511cab13a-457.jpeg,"* The biggest sale of the year is live
* Get ready to shop your favorites at Up to 50% off with The Big Image Sale
* Iconic solid co-ords, dazzling printed ensembles, stunning embroidered suits and so much more await you in 2023’s most anticipated sale.
* http://www.image1993.com/
* Terms & Conditions apply",{'650497': 'F-10 Markaz Islamabad Branch'},True,false,false,image,https://d2liqplnt17rh6.cloudfront.net/logoImages/f1b6e1ef-40b4-433a-895f-151440a46390-822.jpeg,False,0,"{'isRedeemable': False, 'redeemableCount': 0, 'redeemedCount': 0}",,
91021,[''],FLAT 60% off,2023-01-11T14:44:00,2023-01-15T23:59:00,NONE,60,66476,0,OUTLET,234588,https://d2liqplnt17rh6.cloudfront.net/dealImages/Deals14_4feadf48-6e8a-4a1a-9477-b055f7c66003-15.jpeg,"* End of season sale
* Flat 60% Off
* Shop Now:https://bit.ly/3XAXv9y
* Terms & Conditions apply",{},True,false,false,FitKit,https://d2liqplnt17rh6.cloudfront.net/logoImages/logocopy1_c17d8812-39eb-4a79-b850-8725e25ce1f3-943.jpeg,False,0,"{'isRedeemable': False, 'redeemableCount': 0, 'redeemedCount': 0}",,
91015,[''],FLAT 40% off on Everything,2023-01-11T14:27:00,2023-01-15T23:59:00,NONE,40,5145,0,OUTLET,234588,https://d2liqplnt17rh6.cloudfront.net/dealImages/Deals13_a62796e0-5691-4355-8921-70d4a241ef9a-807.jpeg,"* Season end sale Alert! Let us melt your heart this season with our cozy warm deals. 
* Enjoy Flat 40% off on everything. 
* Now in stores and online
* https://www.offspringclothing.com
* Terms & Conditions apply",{},True,false,false,Offspring,https://d2liqplnt17rh6.cloudfront.net/logoImages/0550f7cf-fcb8-45b0-a00d-eac86c6ab03f-759.jpeg,False,0,"{'isRedeemable': False, 'redeemableCount': 0, 'redeemedCount': 0}",,
91014,[''],FLAT 50% off,2023-01-11T13:02:00,2023-01-15T23:59:00,NONE,50,59258,0,OUTLET,234588,https://d2liqplnt17rh6.cloudfront.net/dealImages/Deals12_83afc64a-228c-4b29-96c0-cef13225ea50-594.jpeg,"* We are back again with the biggest sale of the season
* Upgrade your wardrobe with the ultimate style and class, that too at a minimal budget. 
* Offering Flat 50% off on our various exquisite collections,
* Head out to our website or visit our nearest outlet
* https://hintonline.com.pk/
* Terms & Conditions apply",{},True,false,false,Hint,https://d2liqplnt17rh6.cloudfront.net/logoImages/logo2_6f9aebe2-ff4b-4c07-ba5a-3f72003432cd-701.jpeg,False,0,"{'isRedeemable': False, 'redeemableCount': 0, 'redeemedCount': 0}",,
91012,[''],FLAT 50% off,2023-01-11T12:34:00,2023-01-15T23:59:00,NONE,50,57651,0,OUTLET,234588,https://d2liqplnt17rh6.cloudfront.net/dealImages/Deals11_5ff7f341-dd38-4638-b3fb-6e727988bee9-68.jpeg,"* Winter Sale 
* Flat 50% Off
* https://www.beyondeast.com/
* Terms & Conditions apply",{'727177': 'Safa Gold Mall Islamabad Branch'},True,false,false,Beyond East,https://d2liqplnt17rh6.cloudfront.net/logoImages/beyondeastlogo_54b74e32-e8ea-4662-b313-5999c92d58d1-650.jpeg,False,0,"{'isRedeemable': False, 'redeemableCount': 0, 'redeemedCount': 0}",,
91009,[''],UP TO 50% off,2023-01-11T12:26:00,2023-01-15T23:59:00,NONE,50,1084,0,OUTLET,234588,https://d2liqplnt17rh6.cloudfront.net/dealImages/Deals10_69ba230b-cd38-4702-b650-6dd23298f429-737.jpeg,"* Winter Clearance Sale
* This might be your last chance to avail our premium and warm winter collection with Flat 40% to 50% Off 
* Shop now in stores near you or online:
* https://bit.ly/3sxVbSk
* Terms & Conditions apply","{'352086': 'Giga Mall Islamabad Branch', '742371': 'Centaurus Mall Islamabad Branch'}",True,false,false,Equator,https://d2liqplnt17rh6.cloudfront.net/logoImages/EquatorLogo_201e334b-471d-44b9-ab85-9f13c3c51859-350.jpeg,False,0,"{'isRedeemable': False, 'redeemableCount': 0, 'redeemedCount': 0}",,
91008,[''],UP TO 25% off,2023-01-11T12:07:00,2023-01-15T23:59:00,NONE,25,16885,0,OUTLET,234588,https://d2liqplnt17rh6.cloudfront.net/dealImages/Deals9_1e4aa14f-9c87-415a-906e-ae50e393f87f-269.jpeg,"* Elaf premium grand sale 2023 is now live with Flat 20% | 25% off on entire store
* So, grab your latest bridal, winter and formal designs
* Shop Now: http://www.elafpremium.com/collections/sale
* Terms & Conditions apply",{},True,false,false,Elaf,https://d2liqplnt17rh6.cloudfront.net/logoImages/logocopy_130240c1-e61a-4f0c-8f3f-150754718c10-854.jpeg,False,0,"{'isRedeemable': False, 'redeemableCount': 0, 'redeemedCount': 0}",,
91007,[''],UP TO 50% off on selected items,2023-01-11T11:56:00,2023-01-15T23:59:00,NONE,50,1066,0,OUTLET,234588,https://d2liqplnt17rh6.cloudfront.net/dealImages/Deals8_8587098c-8cf7-4fb6-a4f7-a777493c81f8-348.jpeg,"* Flat 50% & 30% Off is live with Borjan Winter Sale on a selected range of shoes! 
* Rush to your nearest stores now or shop online
* https://www.borjan.com.pk/
* Terms & Conditions apply","{'3787': 'Sumbal Rd Islamabad Branch', '3788': 'Centaurus Mall Islamabad Branch', '101597': 'Giga Mall Islamabad Branch', '1153585': 'PWD Rd Islamabad Branch'}",True,false,false,Borjan Shoes,https://d2liqplnt17rh6.cloudfront.net/logoImages/d142ccb5-7153-4f06-8d1f-3ce276532c86-753.jpg,False,0,"{'isRedeemable': False, 'redeemableCount': 0, 'redeemedCount': 0}",,
91006,[''],UP TO 50% off,2023-01-11T11:35:00,2023-01-15T23:59:00,NONE,50,38158,0,OUTLET,234588,https://d2liqplnt17rh6.cloudfront.net/dealImages/Deals7_71e3f20e-4d89-4177-9993-ddce631ed081-872.jpeg,"* End of Season Sale is Live Flat 30% & 50% Off on Men, Women & Kids.
* In stores & Online
* shop now: http://www.shopatmeme.com
* Terms & Conditions apply",{'641605': 'Centaurus Mall Islamabad Branch'},True,false,false,Meme,https://d2liqplnt17rh6.cloudfront.net/logoImages/Untitled1_95f76307-3eff-4b80-b11b-6f0e171d58c8-574.jpeg,False,0,"{'isRedeemable': False, 'redeemableCount': 0, 'redeemedCount': 0}",,
91005,[''],FLAT 50% off,2023-01-11T11:24:00,2023-01-15T23:59:00,NONE,50,5841,0,OUTLET,234588,https://d2liqplnt17rh6.cloudfront.net/dealImages/Deals6_31d1a74d-bc1c-4d5c-b6d1-021c4f59e9ee-997.jpeg,"* The best for less! Flat 50% off
* In Stores & Online
* https://beoneshopone.com
* Terms & Conditions apply","{'293845': 'F-10 Markaz Islamabad Branch', '293846': 'Centaurus Mall Islamabad Branch', '293847': 'Giga Mall Islamabad Branch'}",True,false,false,ONE PK,https://d2liqplnt17rh6.cloudfront.net/logoImages/d90a4079-7979-4831-84a7-bf498a193b05-518.jpeg,False,0,"{'isRedeemable': False, 'redeemableCount': 0, 'redeemedCount': 0}",,
91002,[''],UP TO 70% off,2023-01-11T11:12:00,2023-01-15T23:59:00,NONE,70,914,0,OUTLET,234588,https://d2liqplnt17rh6.cloudfront.net/dealImages/Deals5_679b5b56-730a-4d25-895b-d301bb66b68a-422.jpeg,"* Final Sale is Live Now
* Fill up your carts with favorite articles from Metro Shoes at upto 70% Off
* Visit your nearest outlet now or shop online 
* At https://www.metroshoes.com.pk/
* Terms & Conditions apply","{'3015': 'F-7 Markaz Islamabad Branch', '566240': 'F-10 Markaz Islamabad Branch', '687058': 'Ghori Town Islamabad Branch'}",True,false,false,Metro Shoes,https://d2liqplnt17rh6.cloudfront.net/logoImages/509708b3-ffff-407d-afeb-d25f8a2e97a9-597.jpg,False,0,"{'isRedeemable': False, 'redeemableCount': 0, 'redeemedCount': 0}",,
91000,['new-year'],FLAT 40% off,2023-01-11T11:07:00,2023-01-15T23:59:00,NONE,40,425,0,OUTLET,234588,https://d2liqplnt17rh6.cloudfront.net/dealImages/Deals4_a040c2d0-1748-4c14-a73a-cb013dc67d86-783.jpeg,"* Sifona's New Year Biggest Sale offers the most luxurious outfits with Flat 40% Off on all Stitched and Unstitched outfits. 
* Grab your favorites Now
* https://bit.ly/3DCoTfP
* Terms & Conditions apply",{},True,false,false,Sifona,https://d2liqplnt17rh6.cloudfront.net/logoImages/Logo_c0536cf3-b01d-4512-beda-92e64e9e9804-403.jpeg,False,0,"{'isRedeemable': False, 'redeemableCount': 0, 'redeemedCount': 0}",,
90999,[''],FLAT 50% off,2023-01-11T10:43:00,2023-01-15T23:59:00,NONE,50,137,0,OUTLET,234588,https://d2liqplnt17rh6.cloudfront.net/dealImages/Deals3_f1d661af-243a-46d6-8f3a-7f2dba57feeb-506.jpeg,"* Winter Sale Flat 50% Off 
* The wait is over! Winter's biggest sale is live now 
* Get an amazing discount on all winter collection 
* https://shahzebsaeed.com/
* Terms & Conditions apply",{},True,false,false,Shahzeb Saeed,https://d2liqplnt17rh6.cloudfront.net/logoImages/shahzebsaeedlogo_04dd99a3-0cab-4705-9987-217eaba29688-906.jpeg,False,0,"{'isRedeemable': False, 'redeemableCount': 0, 'redeemedCount': 0}",,
90995,[''],UP TO 50% off,2023-01-11T10:29:00,2023-01-29T23:59:00,NONE,50,541,0,OUTLET,234588,https://d2liqplnt17rh6.cloudfront.net/dealImages/Deals2_158464bd-6d70-40af-adac-74ade3d31c9f-479.jpeg,"* The most awaited J. Winter Clearance Sale is here! Enjoy up to 50% Off on all items
* In-Stores & Online. 
* https://bit.ly/3isx2es
* Terms & Conditions apply","{'1651': 'Madina Arcade Islamabad', '1677': 'F-6 Markaz, Islamabad Branch', '1678': 'College Rd Islamabad Branch', '1708': 'F-7 Markaz Islamabad Branch', '1719': 'F10 Markaz Islamabad Branch', '1728': 'Centaurus Mall Islamabad Branch', '101637': 'Giga Mall Islamabad Branch ', '401683': 'Centaurus Mall Islamabad Branch 2', '401684': 'Safa Gold Mall Islamabad Branch', '401685': 'Giga Mall Islamabad Branch 2'}",True,false,false,J. | Junaid Jamshed,https://d2liqplnt17rh6.cloudfront.net/logoImages/Logo_60f3e16d-49fb-467c-965c-a12a916d18cd-570.jpeg,False,0,"{'isRedeemable': False, 'redeemableCount': 0, 'redeemedCount': 0}",,
90992,[''],UP TO 50% off,2023-01-11T10:25:00,2023-01-15T23:59:00,NONE,50,788,0,OUTLET,234588,https://d2liqplnt17rh6.cloudfront.net/dealImages/Deals1_2e2beffa-20c5-48af-af1f-e62a001252cf-521.jpeg,"* Catch the latest winter trends and avail up to 50% Off from Almirah’s winter clearance sale now Live 
* In-stores and online
* Shop now: https://bit.ly/3Xl4r9O
* Terms & conditions apply","{'110036': 'Centaurus Mall Islamabad Branch', '348782': 'Giga Mall Islamabad Branch'}",True,false,false,Almirah,https://d2liqplnt17rh6.cloudfront.net/logoImages/almirahjpeg_734e4665-9d70-4dcf-a0e9-df5f3b51597f-165.jpeg,False,0,"{'isRedeemable': False, 'redeemableCount': 0, 'redeemedCount': 0}",,
90985,[''],FLAT 50% off on Entire Winter Collection,2023-01-10T18:16:00,2023-01-15T23:59:00,NONE,50,870,0,OUTLET,234588,https://d2liqplnt17rh6.cloudfront.net/dealImages/Deals_8c50b73e-c838-4b8d-b606-72f7f75db14a-353.jpeg,"* Flat 50% Off on the entire Winter collection!
* Grab your favorites now before they run out!!
* Live Online and In-stores
* https://outfitters.com.pk/
* Terms & Conditions apply","{'2879': 'G-9 Markaz Islamabad Branch', '2880': 'Margalla Plaza Islamabad Branch', '185227': ' Rana Market Islamabad Branch', '245808': 'Centaurus Mall 3rd Floor Islamabad Branch', '245811': 'Safa Gold Mall Islamabad Branch', '1154280': ' Mall of Islamabad Islamabad Branch', '1154283': 'WTC Giga Mall Islamabad Branch'}",True,false,false,Outfitters,https://d2liqplnt17rh6.cloudfront.net/logoImages/logoRecovered_ff2b4ed3-52b2-4bc6-9f19-31440fadda2a-363.jpeg,False,0,"{'isRedeemable': False, 'redeemableCount': 0, 'redeemedCount': 0}",,
90981,[''],FLAT 50% off,2023-01-10T18:00:00,2023-01-15T23:59:00,NONE,50,810,0,OUTLET,234588,https://d2liqplnt17rh6.cloudfront.net/dealImages/Deals_1796a4ae-786b-4c2f-a3b3-7f714241181a-306.jpeg,"* The Year Most Awaited Sale Started Now
* Flat 50% Off, Shop Online https://cherryberrystores.com/
* Terms & Conditions apply",{},True,false,false,CherryBerry,https://d2liqplnt17rh6.cloudfront.net/logoImages/435cd606-d655-4ee7-94aa-2586dbc760d5-462.jpg,False,0,"{'isRedeemable': False, 'redeemableCount': 0, 'redeemedCount': 0}",,
90979,[''],UP TO 50% off,2023-01-10T17:53:00,2023-01-15T23:59:00,NONE,50,763,0,OUTLET,234588,https://d2liqplnt17rh6.cloudfront.net/dealImages/Deals_989c3280-ac73-4854-a7ba-b7f11d6ce9b3-280.jpeg,"* It's Time to Shop Your Favorite Articles at Amazing Discounts During Royal Tag's Winter Clearance Sale
* Shop Style and Sophistication at Flat 50%, 30%, and 20% Off
* Fresh Arrivals Not Included
* Head to Our Stores or Shop Online at https://royaltag.com.pk/
* Terms & Conditions apply","{'2185': 'Safa Gold Mall Islamabad Branch', '36423': 'Centaurus Mall Islamabad Branch', '101618': 'Giga Mall Islamabad Branch'}",True,false,false,Royal Tag,https://d2liqplnt17rh6.cloudfront.net/logoImages/LogoRecovered_3d0487d4-6ad4-49f4-9284-91776f77494e-712.jpeg,False,0,"{'isRedeemable': False, 'redeemableCount': 0, 'redeemedCount': 0}",,
90978,[''],UP TO 40% off,2023-01-10T17:41:00,2023-01-15T23:59:00,NONE,40,4754,0,OUTLET,234588,https://d2liqplnt17rh6.cloudfront.net/dealImages/Deals_635b7e2e-de31-43a9-ab02-a5745747e8b2-726.jpeg,"* Our most awaited Winter Sale is live
* Enjoy Up to 40% Off on winter apparel, shoes and accessories for your kids
* In stores & online https://bachaaparty.com/
* Terms & Conditions apply",{},True,false,false,Bachaa Party,https://d2liqplnt17rh6.cloudfront.net/logoImages/b821148d-07b4-46ed-91d1-85d0507b499d-400.jpeg,False,0,"{'isRedeemable': False, 'redeemableCount': 0, 'redeemedCount': 0}",,
90977,[''],FLAT 50% off on New Arrivals,2023-01-10T17:35:00,2023-01-15T23:59:00,NONE,50,59600,0,OUTLET,234588,https://d2liqplnt17rh6.cloudfront.net/dealImages/Deals_31d00f2a-4d7a-420d-8db9-25d351ee44ac-676.jpeg,"* Season End Sale
* Flat 50% Off on New Arrivals
* Shop at https://znbeyond.com/
* Terms & Conditions apply",{},True,false,false,Zero & Beyond,https://d2liqplnt17rh6.cloudfront.net/logoImages/logo2_623cdd40-13fd-4855-ad59-8b443ec5f043-463.jpeg,False,0,"{'isRedeemable': False, 'redeemableCount': 0, 'redeemedCount': 0}",,
90968,['new-year'],New Year Deal For Rs.2023/-,2023-01-10T16:19:00,2023-01-31T23:59:00,NONE,0,599,0,OUTLET,234588,https://d2liqplnt17rh6.cloudfront.net/dealImages/Deals12_612fd2f5-175e-455c-97a0-7a6a3cda086c-93.jpeg,"* New Year Deal
* Regular cheese pizza
* Pan Pizza Meaty
* Mini Wrap
* Lava Cake
* Dip Sauce
* For Rs.2023/-
* Terms & Conditions apply",{'740720': 'Rehmat Mall Islamabad Branch'},,false,false,California Pizza,https://d2liqplnt17rh6.cloudfront.net/logoImages/californiapizzajlogo_2edf97c6-747c-4a13-b3af-510d56a668f3-110.jpeg,False,0,"{'isRedeemable': False, 'redeemableCount': 0, 'redeemedCount': 0}",,
90941,[''],UP TO 20% off on Selected Categories,2023-01-10T14:32:00,2023-01-15T23:59:00,NONE,20,278,0,OUTLET,234588,https://d2liqplnt17rh6.cloudfront.net/dealImages/Deals10_30763118-d64d-42f6-817e-4d1ad627f7c9-661.jpeg,"* Welcome Winter Sale
* Flat 15% Off & Flat 20% Off on Selected Categories
* https://walkeaze.com/collections/sale
* Terms & Conditions apply",{'735': 'Centaurus Mall Islamabad Branch'},True,false,false,WalkEaze,https://d2liqplnt17rh6.cloudfront.net/logoImages/WalKEazeNewLogo_1f3db98b-db31-49a0-8664-be72a82c02ef-850.jpeg,False,0,"{'isRedeemable': False, 'redeemableCount': 0, 'redeemedCount': 0}",,
90940,[''],FLAT 50% off,2023-01-10T14:29:00,2023-01-15T23:59:00,NONE,50,1093,0,OUTLET,234588,https://d2liqplnt17rh6.cloudfront.net/dealImages/Deals9_e400b8d6-d845-4fd4-9cb2-9b32964ecaf2-517.jpeg,"* Grand Winter Sale
* Flat 50% off is live now on the entire winter stock.
* Hurry now and grab winter essentials In-Stores or shop online 
* https://www.ismailsclothing.com/collections/sale
* Terms & Conditions apply",{'370655': 'PWD Rd Islamabad Branch'},True,false,false,Ismail's,https://d2liqplnt17rh6.cloudfront.net/logoImages/logocopy2_f3d19dca-a5e5-40aa-8ada-efb92bcffc87-493.jpeg,False,0,"{'isRedeemable': False, 'redeemableCount': 0, 'redeemedCount': 0}",,
90939,[''],FLAT 50% off,2023-01-10T14:25:00,2023-01-15T23:59:00,NONE,50,767,0,OUTLET,234588,https://d2liqplnt17rh6.cloudfront.net/dealImages/Deals9_ad84c635-4cfe-4d68-879f-2e31f139b5b9-569.jpeg,"* Grand Winter Sale
* Flat 50% off is live now on the entire winter stock.
* Hurry now and grab winter essentials In-Stores or shop online 
* http://bit.ly/3Zo4Fij
* Terms & Conditions apply",{'338544': 'PWD Rd Islamabad Branch'},True,false,false,Urban Studio,https://d2liqplnt17rh6.cloudfront.net/logoImages/LogoRecovered_eca57bca-1afc-4b82-85fb-50a7133414ee-209.jpeg,False,0,"{'isRedeemable': False, 'redeemableCount': 0, 'redeemedCount': 0}",,
90929,[''],UP TO 50% off,2023-01-10T13:15:00,2023-01-15T23:59:00,NONE,50,3063,0,OUTLET,234588,https://d2liqplnt17rh6.cloudfront.net/dealImages/Deals8_a8cce038-5d69-4b83-a268-f67e1b965ada-915.jpeg,"* Further Price Reductions
* Insignia sale continues with discount up to 50% Off on entire stock.
* Hop and shop to avail the biggest discounts of Winter Sale.
* Grab your favorites at amazingly low prices 
* In-stores & online 
* at http://www.insignia.pk
* Terms & Conditions apply","{'8946': 'Centaurus Mall Islamabad Branch', '11460': 'Giga Mall Islamabad Branch', '1154289': 'Safa Gold Mall Islamabad Branch'}",True,false,false,Insignia,https://d2liqplnt17rh6.cloudfront.net/logoImages/logo2_4b6fd535-7140-43a3-b78e-71b52d0a9228-787.jpeg,False,0,"{'isRedeemable': False, 'redeemableCount': 0, 'redeemedCount': 0}",,
90919,[''],FLAT 30% off,2023-01-10T12:57:00,2023-01-15T23:59:00,NONE,30,1070,0,OUTLET,234588,https://d2liqplnt17rh6.cloudfront.net/dealImages/Deals7_b36d7414-f699-49d9-af5b-a267dac034c8-775.jpeg,"* Winter Clearance Sale 
* Get your hands on the hottest selling pieces at Flat 30% off and above now
* Available in stores and online at
* https://crossstitch.pk/collections/sale
* Terms & Conditions apply","{'3848': 'Centaurus Mall Islamabad Branch', '339257': 'Giga Mall Islamabad Branch', '1154255': 'Safa Gold Mall Islamabad Branch'}",True,false,false,Cross Stitch,https://d2liqplnt17rh6.cloudfront.net/logoImages/c2ff67e2-dc94-45a3-b8fe-b57d4c737f01-397.png,False,0,"{'isRedeemable': False, 'redeemableCount': 0, 'redeemedCount': 0}",,
90916,[''],UP TO 50% off,2023-01-10T12:26:00,2023-01-15T23:59:00,NONE,50,10970,0,OUTLET,234588,https://d2liqplnt17rh6.cloudfront.net/dealImages/Deals6_0a250aaa-3d5b-4f1f-a617-b791d1fdbb5e-848.jpeg,"* The biggest sale of the season is live now
* Avail upto 50% Off on your favorite outfits today.
* Available In Stores & Online:
* https://bit.ly/3Gvvg4q
* Terms & Conditions apply","{'598508': 'Centaurus Mall Islamabad Branch', '852917': 'Gull Plaza Islamabad Branch', '954980': 'Giga Mall Islamabad Branch'}",True,false,false,SAYA,https://d2liqplnt17rh6.cloudfront.net/logoImages/5310bbbb-0325-42bf-aa3e-4112d6511874-263.gif,False,0,"{'isRedeemable': False, 'redeemableCount': 0, 'redeemedCount': 0}",,
90914,['new-year'],FLAT 40% off,2023-01-10T12:20:00,2023-01-15T23:59:00,NONE,40,765,0,OUTLET,234588,https://d2liqplnt17rh6.cloudfront.net/dealImages/Deals5_5c124a25-6d28-47ef-ba33-c270445aa606-287.jpeg,"* New Year Sale
* Flat 40% Off 
* New Styles Added 
* https://beechtree.pk/pages/sale
* Terms & Conditions apply","{'2192': 'Centaurus Mall Islamabad Branch', '2193': 'College Rd Islamabad Branch', '101593': 'Giga Mall Islamabad Branch'}",True,false,false,Beech Tree,https://d2liqplnt17rh6.cloudfront.net/logoImages/LogoRecovered_298a91eb-8e7e-4c74-abab-c5312773b4aa-304.jpeg,False,0,"{'isRedeemable': False, 'redeemableCount': 0, 'redeemedCount': 0}",,
90904,[''],Crispy Combo For Rs.449/-,2023-01-10T11:01:00,2023-01-31T23:59:00,NONE,0,329,0,OUTLET,234588,https://d2liqplnt17rh6.cloudfront.net/dealImages/Deals2_615f3528-75a6-49f9-8f58-46b5699f234c-676.jpeg,"* 1x Crispy Burger
* 1x Drink
* For Rs.449/-
* Terms & Conditions apply","{'558036': 'Bahria Town Islamabad Branch', '558039': 'Centaurus Mall Islamabad Branch', '565502': 'Giga Mall Islamabad Branch'}",True,false,false,Burger Lab,https://d2liqplnt17rh6.cloudfront.net/logoImages/6ad37556-51c5-4090-8cec-8c58b665f6b5.png,False,0,"{'isRedeemable': False, 'redeemableCount': 0, 'redeemedCount': 0}",,
90903,[''],FLAT 50% off,2023-01-10T10:46:00,2023-01-15T23:59:00,NONE,50,766,0,OUTLET,234588,https://d2liqplnt17rh6.cloudfront.net/dealImages/Deals1_ff5c59fd-22ec-4ff0-84f0-36ea4c66001b-107.jpeg,"* Here's the sale you were waiting for
* The Grand Winter Sale brings you Flat 50% Off on the Entire Winter Collection
* Terms & Conditions apply","{'2371': 'Centaurus Mall - Men Islamabad Branch', '210657': 'Giga Mall WTC Islamabad Branch', '245806': 'Centaurus Mall - Women & Kids Islamabad Branch'}",True,false,false,Edenrobe,https://d2liqplnt17rh6.cloudfront.net/logoImages/374c7535-500a-424d-a4cd-916dad422f71-369.png,False,0,"{'isRedeemable': False, 'redeemableCount': 0, 'redeemedCount': 0}",,
90672,[''],UP TO 50% off,2023-01-02T18:11:00,2023-01-15T23:59:00,NONE,50,791,0,OUTLET,234588,https://d2liqplnt17rh6.cloudfront.net/dealImages/Deals_915d7cb8-6ec9-4911-a643-cc2091bd1f94-72.jpeg,"* The Most Awaited Sale is Now Live. 
* Grab Your Favorites at Up to 50% Off 
* https://myrangja.com/
* Terms & Conditions Apply","{'2536': 'Centaurus Mall Islamabad Branch', '2537': 'F-7 Markaz Islamabad Branch'}",True,false,false,Rang Ja,https://d2liqplnt17rh6.cloudfront.net/logoImages/logorangja_a02a1c33-b22f-46a8-ba2f-c0bfd68fa79e-656.jpeg,False,0,"{'isRedeemable': False, 'redeemableCount': 0, 'redeemedCount': 0}",,
90598,[''],FLAT 50% off on Selective Range of Shoes and Bags,2022-12-30T18:03:00,2023-01-15T23:59:00,NONE,50,1315,0,OUTLET,234588,https://d2liqplnt17rh6.cloudfront.net/dealImages/Deals_55fe1add-2ac9-4826-8cf6-21c7c09f5496-140.jpeg,"* Enjoy Flat 50% Off with Mocciani Winter Sale!
* Shop From a Selective Range of Shoes and Bags Now
* Available In stores & online at https://www.mocciani.com.pk/
* Terms & Conditions Apply","{'4975': 'F-7 Markaz Islamabad Branch', '4977': 'Centaurus Mall Islamabad Branch'}",True,false,false,Mocciani,https://d2liqplnt17rh6.cloudfront.net/logoImages/a3492aeb-a6d2-4912-b7f1-0e99972c7c83-107.jpg,False,0,"{'isRedeemable': False, 'redeemableCount': 0, 'redeemedCount': 0}",,
90456,[''],FLAT 50% off,2022-12-29T17:56:00,2023-01-15T23:59:00,NONE,50,11936,0,OUTLET,234588,https://d2liqplnt17rh6.cloudfront.net/dealImages/Deals5_dbb068ed-18f1-49be-84e3-b9dfc6552435-340.jpeg,"* Come clean us out
* All prices are plummeting for this winter.
* Get your winter wear at Flat 50% Off on Cocobee Winter clearance sale.
* Visit the stores or online
* https://cocobee.com.pk/collections/new-arrivals
* Terms & Conditions apply",{},True,false,false,Cocobee,https://d2liqplnt17rh6.cloudfront.net/logoImages/116f3508-4f5e-4e85-93a2-5a98a572defb-138.jpeg,False,0,"{'isRedeemable': False, 'redeemableCount': 0, 'redeemedCount': 0}",,
90360,[''],Arabic Deal For Rs.1199/-,2022-12-28T11:56:00,2023-01-31T23:59:00,NONE,0,66163,0,OUTLET,234588,,"* Arabic Deal (2 Persons)
* 1x Chicken Shawarma
* 1x Beef Shawarma
* 2x Soft Drinks
* Chipotle Dip / Ketchup
* For Rs.1199/-
* Terms & Conditions Apply",{},True,false,false,Wrap Lab,https://d2liqplnt17rh6.cloudfront.net/logoImages/logo2_86124e3b-27bc-4722-b49e-808731fec5df-53.jpeg,False,0,"{'isRedeemable': False, 'redeemableCount': 0, 'redeemedCount': 0}",,
90359,[''],Arabic Box For Rs.2199/-,2022-12-28T11:55:00,2023-01-31T23:59:00,NONE,0,66163,0,OUTLET,234588,,"* Arabic Box (Family)
* 4x Chicken Shawarma
* Extra Chicken
* 2x Soft Drinks
* Chipotle Dip/ Ketchup
* Drink 1.5 Ltr
* 2x Fries
* For Rs.2199/-
* Terms & Conditions Apply",{},True,false,false,Wrap Lab,https://d2liqplnt17rh6.cloudfront.net/logoImages/logo2_86124e3b-27bc-4722-b49e-808731fec5df-53.jpeg,False,0,"{'isRedeemable': False, 'redeemableCount': 0, 'redeemedCount': 0}",,
90358,[''],Combo Wrap Deal For Rs.999/-,2022-12-28T11:53:00,2023-01-31T23:59:00,NONE,0,66163,0,OUTLET,234588,,"* 1x Chicken Shawarma
* 1x Smokey Tikka Wrap
* 2x Soft Drinks
* Chipotle Dip
* For Rs.999/-
* Terms & Conditions Apply",{},True,false,false,Wrap Lab,https://d2liqplnt17rh6.cloudfront.net/logoImages/logo2_86124e3b-27bc-4722-b49e-808731fec5df-53.jpeg,False,0,"{'isRedeemable': False, 'redeemableCount': 0, 'redeemedCount': 0}",,
90357,[''],Global Signature Box For Rs.2199/-,2022-12-28T11:51:00,2023-01-31T23:59:00,NONE,0,66163,0,OUTLET,234588,,"* Global Signature Box (4 Persons)
* 1x Beef Shawarma
* 1xchicken Shawarma
* 1x Mexican Zing Wrap
* 1x Smokey Tikka Wrap
* 1x Drink 1.5 Ltr
* 2 Fries
* Dips/Ketchup
* For Rs.2199/-
* Terms & Conditions Apply",{},True,false,false,Wrap Lab,https://d2liqplnt17rh6.cloudfront.net/logoImages/logo2_86124e3b-27bc-4722-b49e-808731fec5df-53.jpeg,False,0,"{'isRedeemable': False, 'redeemableCount': 0, 'redeemedCount': 0}",,
90356,[''],Single Platter Deal For Rs.749/-,2022-12-28T11:48:00,2023-01-31T23:59:00,NONE,0,66163,0,OUTLET,234588,,"* 1x Chicken Shawarma
* Extra Chicken
* Chipotle Dip
* 1x Soft Drink
* Fries
* For Rs.749/-
* Terms & Conditions Apply",{},True,false,false,Wrap Lab,https://d2liqplnt17rh6.cloudfront.net/logoImages/logo2_86124e3b-27bc-4722-b49e-808731fec5df-53.jpeg,False,0,"{'isRedeemable': False, 'redeemableCount': 0, 'redeemedCount': 0}",,
90325,[''],UP TO 50% off,2022-12-27T18:31:00,2023-01-15T23:59:00,NONE,50,10860,0,OUTLET,234588,https://d2liqplnt17rh6.cloudfront.net/dealImages/Deals_d898f4c0-65e4-4b97-a6c7-7727fbdff2e4-387.jpeg,"* Forget the Rest & Get the Best
* Massive Savings Up to 50% Off
* Shop now at https://jazmin.pk/
* Terms & Conditions Apply",{},True,false,false,Jazmin,https://d2liqplnt17rh6.cloudfront.net/logoImages/7bc15a35-fbe7-4f46-b617-2da3b706cf94-264.jpeg,False,0,"{'isRedeemable': False, 'redeemableCount': 0, 'redeemedCount': 0}",,
90315,[''],UP TO 50% off,2022-12-27T18:14:00,2023-01-15T23:59:00,NONE,50,779,0,OUTLET,234588,https://d2liqplnt17rh6.cloudfront.net/dealImages/Deals_a346fa36-9fb2-4655-b0cc-db86e874bee3-142.jpeg,"* End of Year Sale
* Up to 50% Off
* In stores and Online
* https://thecambridgeshop.com/
* Terms & Conditions Apply","{'2444': 'Centaurus Mall Islamabad Branch', '2445': 'F-10 Markaz Islamabad Branch', '2447': 'Safa Gold Mall Islamabad Branch', '16643': 'F-6 Markaz Islamabad Branch', '179668': 'World Trade Center Islamabad Branch'}",True,false,false,Cambridge,https://d2liqplnt17rh6.cloudfront.net/logoImages/LogoRecovered_2ea1cf07-c4b6-463f-9682-b32e41029e3a-663.jpeg,False,0,"{'isRedeemable': False, 'redeemableCount': 0, 'redeemedCount': 0}",,
90283,[''],UP TO 50% off on Selected Items,2022-12-27T13:11:00,2023-01-15T23:59:00,NONE,50,5235,0,OUTLET,234588,https://d2liqplnt17rh6.cloudfront.net/dealImages/Deals3_b228f341-3778-4fbb-a074-878f4abb5017-135.jpeg,"* Finally the wait is over
* Our End of Season Sale is officially Live with up to 50% off
* In stores and online.
* To Shop: https://shopecs.com/collections/sale
* Terms & Conditions apply","{'19778': 'F-7 Markaz Islamabad Branch', '19779': 'F-6 Markaz Islamabad Branch', '19780': 'Pak Plaza Islamabad Branch'}",True,false,false,ECS,https://d2liqplnt17rh6.cloudfront.net/logoImages/487cb6ba-b5eb-4ce2-9515-e6e32c23a968-538.jpeg,False,0,"{'isRedeemable': False, 'redeemableCount': 0, 'redeemedCount': 0}",,
90097,[''],UP TO 50% off on Entire stock.,2022-12-22T11:04:00,2023-01-15T23:59:00,NONE,50,8047,0,OUTLET,234588,https://d2liqplnt17rh6.cloudfront.net/dealImages/Deals1_df873300-054c-4cae-8fb3-7fe815069c29-273.jpeg,"* Get ready for BTW’s winter sale with UPTO 50% discount on the entire stock.
* Hurry up to shop your favorites before they run out
* Sale live in-store and online.
* SHOP: https://bit.ly/3AeB404
* Terms & Conditions apply","{'337374': 'Giga Mall Islamabad Branch', '362716': 'Centaurus Mall Islamabad Branch'}",True,false,false,BTW - By The Way,https://d2liqplnt17rh6.cloudfront.net/logoImages/btwlogo_20922492-be57-43e7-b0e7-cf5de3aacb31-812.jpeg,False,0,"{'isRedeemable': False, 'redeemableCount': 0, 'redeemedCount': 0}",,
89739,[''],Family Pack 4 For Rs.2699/-,2022-12-07T18:12:00,2023-01-31T23:59:00,NONE,0,329,0,OUTLET,234588,https://d2liqplnt17rh6.cloudfront.net/dealImages/pack4_009f3e6b-b7c7-4b66-b70e-3993dd0a4238-645.jpeg,"* 4x Fire House
* 2x Large Fries 
* 1x 1Litre Drink
* For Rs.2699/-
* Terms & Conditions apply.","{'558036': 'Bahria Town Islamabad Branch', '558039': 'Centaurus Mall Islamabad Branch', '565502': 'Giga Mall Islamabad Branch'}",True,false,false,Burger Lab,https://d2liqplnt17rh6.cloudfront.net/logoImages/6ad37556-51c5-4090-8cec-8c58b665f6b5.png,False,0,"{'isRedeemable': False, 'redeemableCount': 0, 'redeemedCount': 0}",,
89738,[''],Family Pack 3 For Rs.2649/-,2022-12-07T18:01:00,2023-01-31T23:59:00,NONE,0,329,0,OUTLET,234588,https://d2liqplnt17rh6.cloudfront.net/dealImages/pack3_bcb8b3b9-84c6-448d-b28f-41e765ae77a4-108.jpeg,"* 2x Fire House
* 2x Dynamite
* 1x Animal Fries Cup 
* 1x 1Litre Drink
* For Rs.2649/-
* Terms & Conditions apply.","{'558036': 'Bahria Town Islamabad Branch', '558039': 'Centaurus Mall Islamabad Branch', '565502': 'Giga Mall Islamabad Branch'}",True,false,false,Burger Lab,https://d2liqplnt17rh6.cloudfront.net/logoImages/6ad37556-51c5-4090-8cec-8c58b665f6b5.png,False,0,"{'isRedeemable': False, 'redeemableCount': 0, 'redeemedCount': 0}",,
89737,[''],Family Pack 2 For Rs.2599/-,2022-12-07T17:54:00,2023-01-31T23:59:00,NONE,0,329,0,OUTLET,234588,https://d2liqplnt17rh6.cloudfront.net/dealImages/pack2_f12f604a-41dc-4913-ab19-ad0c34735f95-264.jpeg,"* 2x Fire House
* 2x Madwrap 8-inches
* 2x Gourmet Fries
* 1x 1Ltr. Dink
* For Rs.2599/-
* Terms & Conditions apply.","{'558036': 'Bahria Town Islamabad Branch', '558039': 'Centaurus Mall Islamabad Branch', '565502': 'Giga Mall Islamabad Branch'}",True,false,false,Burger Lab,https://d2liqplnt17rh6.cloudfront.net/logoImages/6ad37556-51c5-4090-8cec-8c58b665f6b5.png,False,0,"{'isRedeemable': False, 'redeemableCount': 0, 'redeemedCount': 0}",,
89736,[''],Family Pack 1 For Rs.1999/-,2022-12-07T17:24:00,2023-01-31T23:59:00,NONE,0,329,0,OUTLET,234588,https://d2liqplnt17rh6.cloudfront.net/dealImages/pack1_414a50f0-f794-4216-b1b1-d506e97a9831-542.jpeg,"* 4x Spicy Crisp 
* Large Fries 
* 1x 1Ltr. Drink 
* For Rs.1999/-
* Terms & Conditions apply.","{'558036': 'Bahria Town Islamabad Branch', '558039': 'Centaurus Mall Islamabad Branch', '565502': 'Giga Mall Islamabad Branch'}",True,false,false,Burger Lab,https://d2liqplnt17rh6.cloudfront.net/logoImages/6ad37556-51c5-4090-8cec-8c58b665f6b5.png,False,0,"{'isRedeemable': False, 'redeemableCount': 0, 'redeemedCount': 0}",,
87906,[''],Breakfast Deal 4 For Rs.630/-,2022-10-07T10:41:00,2023-01-31T23:59:00,NONE,0,811,0,OUTLET,234588,https://d2liqplnt17rh6.cloudfront.net/dealImages/Deals2_464ff790-c661-40e2-a719-a0fbac23557a-508.jpeg,"* 1x Omwich Sandwich
* 1x Coffee 
* For Rs.630/-.
* Terms & Conditions Apply","{'2704': 'F-10 Markaz Islamabad Branch', '2705': 'Blue Area Islamabad Branch', '2706': 'I-9 Markaz Islamabad Branch', '101603': 'Giga Mall Islamabad Branch', '342611': 'Bahria Expy Islamabad Branch', '550936': 'Attock Petroleum F-7 Markaz Branch'}",True,false,false,Dunkin Donuts,https://d2liqplnt17rh6.cloudfront.net/logoImages/dunkindonutslogo_90657c07-6380-41dc-b037-edb84f91644c-892.jpeg,False,0,"{'isRedeemable': False, 'redeemableCount': 0, 'redeemedCount': 0}",,
86630,[''],Chicky Meal 1 with Toy For Rs.490/-,2022-08-16T16:04:00,2023-01-31T23:59:00,NONE,0,543,0,OUTLET,234588,https://d2liqplnt17rh6.cloudfront.net/dealImages/ChickyMeal1_2f85fa7a-c847-4797-8342-8f19fbc9b73a-832.jpeg,"* 1x Krunch Burger
* 1x Chicky Fries
* 1x Regular Drink
* 1x Toy
* For Rs.490/-
* Prices may vary at motorway outlets.
* Terms & Conditions apply.","{'1790': 'F-10 Markaz Islamabad Branch', '1793': 'F-6 Markaz Islamabad Branch', '1794': 'Centaurus Mall Islamabad Branch', '4419': 'I-8 Markaz Islamabad Branch', '35595': 'Giga Mall Islamabad Branch', '587604': 'PWD Islamabad Branch'}",True,false,false,KFC,https://d2liqplnt17rh6.cloudfront.net/logoImages/kfc-logo_bef284ee-8e88-4dba-bdf0-420cca3f95df-803.jpeg,False,0,"{'isRedeemable': False, 'redeemableCount': 0, 'redeemedCount': 0}",2.0,
85957,[''],Four Is More Deal For Rs.2899/-,2022-08-02T10:35:00,2023-01-31T23:59:00,NONE,0,599,0,OUTLET,234588,https://d2liqplnt17rh6.cloudfront.net/dealImages/4_00099d67-2295-4423-ae64-165e8027cac4-739.jpeg,"* 1x Jumbo Pizza - Cheesy Fiesta
* 1x Large Drink
* For Rs.2899/-
* Terms & Conditions apply",{'740720': 'Rehmat Mall Islamabad Branch'},,false,false,California Pizza,https://d2liqplnt17rh6.cloudfront.net/logoImages/californiapizzajlogo_2edf97c6-747c-4a13-b3af-510d56a668f3-110.jpeg,False,0,"{'isRedeemable': False, 'redeemableCount': 0, 'redeemedCount': 0}",,
85956,[''],Three O Treat Deal For Rs.1799/-,2022-08-02T10:33:00,2023-01-31T23:59:00,NONE,0,599,0,OUTLET,234588,https://d2liqplnt17rh6.cloudfront.net/dealImages/3_817d6a5c-3efb-48cc-a81f-7062f422151e-316.jpeg,"* 1x Large Pizza - Cheesy Fiesta
* 1x Large Drinks
* For Rs.1799/-
* Terms & Conditions apply",{'740720': 'Rehmat Mall Islamabad Branch'},,false,false,California Pizza,https://d2liqplnt17rh6.cloudfront.net/logoImages/californiapizzajlogo_2edf97c6-747c-4a13-b3af-510d56a668f3-110.jpeg,False,0,"{'isRedeemable': False, 'redeemableCount': 0, 'redeemedCount': 0}",,
85955,[''],Two Times The Fun Deal For Rs.1299/-,2022-08-02T10:31:00,2023-01-31T23:59:00,NONE,0,599,0,OUTLET,234588,https://d2liqplnt17rh6.cloudfront.net/dealImages/2_ffb9b6c9-d00e-4c94-ad10-31b6b26a50ae-10.jpeg,"* 1x Regular Pizza - Cheesy Fiesta
* 2x Small Drinks
* For Rs.1299/-
* Terms & Conditions apply",{'740720': 'Rehmat Mall Islamabad Branch'},,false,false,California Pizza,https://d2liqplnt17rh6.cloudfront.net/logoImages/californiapizzajlogo_2edf97c6-747c-4a13-b3af-510d56a668f3-110.jpeg,False,0,"{'isRedeemable': False, 'redeemableCount': 0, 'redeemedCount': 0}",,
85954,[''],One Pan Show Deal For Rs.649/-,2022-08-02T10:27:00,2023-01-31T23:59:00,NONE,0,599,0,OUTLET,234588,https://d2liqplnt17rh6.cloudfront.net/dealImages/1_7f888213-c6f3-4da4-86ad-c3da2e5989bf-147.jpeg,"* 1x Small Pizza - Cheesy Fiesta
* 1x Small Drink
* For Rs.649/-
* Terms & Conditions apply",{'740720': 'Rehmat Mall Islamabad Branch'},,false,false,California Pizza,https://d2liqplnt17rh6.cloudfront.net/logoImages/californiapizzajlogo_2edf97c6-747c-4a13-b3af-510d56a668f3-110.jpeg,False,0,"{'isRedeemable': False, 'redeemableCount': 0, 'redeemedCount': 0}",,
85892,[''],Xtreme Duo Box For Rs.1270/-,2022-07-28T17:26:00,2023-01-31T23:59:00,NONE,0,543,0,OUTLET,234588,https://d2liqplnt17rh6.cloudfront.net/dealImages/XtremeDuoBox_f63ca7d0-e352-4b32-ae54-ae8d8e3f562d-73.jpeg,"* 2x Signature Zingers
* 2x Pcs Hot & Crispy Chicken 
* 1x Large Fries 
* 2x Drinks
* For Rs.1270/-
* Prices may vary at motorway outlets.
* Terms & Conditions apply","{'1790': 'F-10 Markaz Islamabad Branch', '1793': 'F-6 Markaz Islamabad Branch', '1794': 'Centaurus Mall Islamabad Branch', '4419': 'I-8 Markaz Islamabad Branch', '35595': 'Giga Mall Islamabad Branch', '587604': 'PWD Islamabad Branch'}",True,false,false,KFC,https://d2liqplnt17rh6.cloudfront.net/logoImages/kfc-logo_bef284ee-8e88-4dba-bdf0-420cca3f95df-803.jpeg,False,0,"{'isRedeemable': False, 'redeemableCount': 0, 'redeemedCount': 0}",2.0,
77651,[''],Any 2 For Rs.849/-,2022-01-27T11:17:00,2023-01-31T23:59:00,NONE,0,329,0,OUTLET,234588,https://d2liqplnt17rh6.cloudfront.net/dealImages/any2_591a2d65-d3e0-4b6b-b0aa-f3890ef7b974-961.jpeg,"* Spicy Crisp
* Fire House
* Dynamite
* Animal Fries Cup
* Nugg Chuckers
* Ice cream Shakes
* For Rs.849/-
* Terms & Conditions apply","{'558036': 'Bahria Town Islamabad Branch', '558039': 'Centaurus Mall Islamabad Branch', '565502': 'Giga Mall Islamabad Branch'}",True,false,false,Burger Lab,https://d2liqplnt17rh6.cloudfront.net/logoImages/6ad37556-51c5-4090-8cec-8c58b665f6b5.png,False,0,"{'isRedeemable': False, 'redeemableCount': 0, 'redeemedCount': 0}",,
76858,[''],Value Bucket For Rs.1530/-,2021-12-08T19:04:00,2023-01-31T23:59:00,NONE,0,543,0,OUTLET,234588,https://d2liqplnt17rh6.cloudfront.net/dealImages/Deals_58cdde3c-e5cb-4b5c-b93b-d2844ed5faa8-320.jpeg,"* 9x Pcs Colonel’s Signature Crispy Fried Chicken
* For Rs.1530/-
* Prices may vary at motorway outlets
* Terms & Conditions apply.","{'1790': 'F-10 Markaz Islamabad Branch', '1793': 'F-6 Markaz Islamabad Branch', '1794': 'Centaurus Mall Islamabad Branch', '4419': 'I-8 Markaz Islamabad Branch', '35595': 'Giga Mall Islamabad Branch', '587604': 'PWD Islamabad Branch'}",True,false,false,KFC,https://d2liqplnt17rh6.cloudfront.net/logoImages/kfc-logo_bef284ee-8e88-4dba-bdf0-420cca3f95df-803.jpeg,False,0,"{'isRedeemable': False, 'redeemableCount': 0, 'redeemedCount': 0}",5.0,
75872,[''],Snack Bucket For Rs.440/-,2021-11-01T14:09:00,2023-01-31T23:59:00,NONE,0,543,0,OUTLET,234588,https://d2liqplnt17rh6.cloudfront.net/dealImages/SnackBucket_c019316b-bc4b-4f34-8ea1-81f1b246c1cb-363.jpeg,"* 4x Hot Wings
* 4x Hot Shots
* 2x Strips
* 1x Dip
* For Rs.440/-
* Prices may vary at motorway outlets.
* Terms & Conditions apply.","{'1790': 'F-10 Markaz Islamabad Branch', '1793': 'F-6 Markaz Islamabad Branch', '1794': 'Centaurus Mall Islamabad Branch', '4419': 'I-8 Markaz Islamabad Branch', '35595': 'Giga Mall Islamabad Branch', '587604': 'PWD Islamabad Branch'}",True,false,false,KFC,https://d2liqplnt17rh6.cloudfront.net/logoImages/kfc-logo_bef284ee-8e88-4dba-bdf0-420cca3f95df-803.jpeg,False,0,"{'isRedeemable': False, 'redeemableCount': 0, 'redeemedCount': 0}",,
75119,[''],Breakfast Deal 2 For Rs.400/-,2021-10-08T14:35:00,2023-01-31T23:59:00,NONE,0,811,0,OUTLET,234588,https://d2liqplnt17rh6.cloudfront.net/dealImages/5_b4d71bce-0473-426e-b190-c2aef27ff117-734.jpeg,"* 1x Egg & Cheese or Omwich Sandwich
* For Rs.400/-
* Terms & Conditions apply.","{'2704': 'F-10 Markaz Islamabad Branch', '2705': 'Blue Area Islamabad Branch', '2706': 'I-9 Markaz Islamabad Branch', '101603': 'Giga Mall Islamabad Branch', '342611': 'Bahria Expy Islamabad Branch', '550936': 'Attock Petroleum F-7 Markaz Branch'}",True,false,false,Dunkin Donuts,https://d2liqplnt17rh6.cloudfront.net/logoImages/dunkindonutslogo_90657c07-6380-41dc-b037-edb84f91644c-892.jpeg,False,0,"{'isRedeemable': False, 'redeemableCount': 0, 'redeemedCount': 0}",,
74948,[''],Chicky Meal 1 With Toy For Rs.490/-,2021-10-01T18:02:00,2023-01-31T23:59:00,NONE,0,543,0,OUTLET,234588,https://d2liqplnt17rh6.cloudfront.net/dealImages/ChickyMeal1_631cac69-d496-41d5-a660-8089c4b2440b-389.jpeg,"* 1x Krunch Burger
* 1x Chicky Fries
* 1x Drink
* 1x Toy
* For Rs.490/-
* Prices may vary at motorway outlets.
* Terms & Conditions apply.","{'1790': 'F-10 Markaz Islamabad Branch', '1793': 'F-6 Markaz Islamabad Branch', '1794': 'Centaurus Mall Islamabad Branch', '4419': 'I-8 Markaz Islamabad Branch', '35595': 'Giga Mall Islamabad Branch', '587604': 'PWD Islamabad Branch'}",True,false,false,KFC,https://d2liqplnt17rh6.cloudfront.net/logoImages/kfc-logo_bef284ee-8e88-4dba-bdf0-420cca3f95df-803.jpeg,False,0,"{'isRedeemable': False, 'redeemableCount': 0, 'redeemedCount': 0}",5.0,
74946,[''],Chicken N Chips For Rs.475/-,2021-10-01T17:39:00,2023-01-31T23:59:00,NONE,0,543,0,OUTLET,234588,https://d2liqplnt17rh6.cloudfront.net/dealImages/ChickenNChips_c6fb96dd-515d-4d89-971f-7b5a25429f98-602.jpeg,"* 2x Pcs Hot & Crispy Fried Chicken
* Fries
* Dinner Roll
* Signature Vietnamese Sauce
* For Rs.475/-
* Prices may vary at motorway outlets.
* Terms & Conditions apply.","{'1790': 'F-10 Markaz Islamabad Branch', '1793': 'F-6 Markaz Islamabad Branch', '1794': 'Centaurus Mall Islamabad Branch', '4419': 'I-8 Markaz Islamabad Branch', '35595': 'Giga Mall Islamabad Branch', '587604': 'PWD Islamabad Branch'}",True,false,false,KFC,https://d2liqplnt17rh6.cloudfront.net/logoImages/kfc-logo_bef284ee-8e88-4dba-bdf0-420cca3f95df-803.jpeg,False,0,"{'isRedeemable': False, 'redeemableCount': 0, 'redeemedCount': 0}",1.0,
74158,[''],Four is More Deal For Rs.2499/-,2021-09-09T14:33:00,2023-01-31T23:59:00,NONE,0,599,0,OUTLET,234588,https://d2liqplnt17rh6.cloudfront.net/dealImages/four_c65978b1-c049-416d-9f7f-0585acb6563d-347.jpeg,"* Four is More - Meat Fiesta
* 1x Jumbo Pizza
* 1x Large Drink
* For Rs.2499/-
* Terms & Conditions Apply.",{'740720': 'Rehmat Mall Islamabad Branch'},,false,false,California Pizza,https://d2liqplnt17rh6.cloudfront.net/logoImages/californiapizzajlogo_2edf97c6-747c-4a13-b3af-510d56a668f3-110.jpeg,False,0,"{'isRedeemable': False, 'redeemableCount': 0, 'redeemedCount': 0}",,
74157,[''],Three-O-Treat Deal For Rs.1599/-,2021-09-09T14:31:00,2023-01-31T23:59:00,NONE,0,599,0,OUTLET,234588,https://d2liqplnt17rh6.cloudfront.net/dealImages/three_d146bba3-9c2f-404e-98e1-eee9cfec8091-592.jpeg,"* Three-O-Treat - Meat Fiesta
* 1x Large Pizza
* 1x Large Drink
* For Rs.1599/-
* Terms & Conditions Apply.",{'740720': 'Rehmat Mall Islamabad Branch'},,false,false,California Pizza,https://d2liqplnt17rh6.cloudfront.net/logoImages/californiapizzajlogo_2edf97c6-747c-4a13-b3af-510d56a668f3-110.jpeg,False,0,"{'isRedeemable': False, 'redeemableCount': 0, 'redeemedCount': 0}",,
74156,[''],Two Times The Fun Deal For Rs.1199/-,2021-09-09T14:30:00,2023-01-31T23:59:00,NONE,0,599,0,OUTLET,234588,https://d2liqplnt17rh6.cloudfront.net/dealImages/two_a2cfef3c-faf6-4eed-bd82-353c8539517f-63.jpeg,"* Two Times The Fun - Meat Fiesta
* 1x Regular Pizza.
* 2x Small Drinks.
* For Rs.1199/-
* Terms & Conditions Apply.",{'740720': 'Rehmat Mall Islamabad Branch'},,false,false,California Pizza,https://d2liqplnt17rh6.cloudfront.net/logoImages/californiapizzajlogo_2edf97c6-747c-4a13-b3af-510d56a668f3-110.jpeg,False,0,"{'isRedeemable': False, 'redeemableCount': 0, 'redeemedCount': 0}",,
74100,[''],One Pan Show Deal For Rs.549/-,2021-09-08T13:11:00,2023-01-31T23:59:00,NONE,0,599,0,OUTLET,234588,https://d2liqplnt17rh6.cloudfront.net/dealImages/c2_8d3e73c6-2017-48a8-8b60-32e03ae6d599-708.jpeg,"* One Pan Show - Meat Fiesta
* 1x Small Pizza
* 1x Small Drink
* For Rs.549/-
* Terms & Conditions apply.",{'740720': 'Rehmat Mall Islamabad Branch'},,false,false,California Pizza,https://d2liqplnt17rh6.cloudfront.net/logoImages/californiapizzajlogo_2edf97c6-747c-4a13-b3af-510d56a668f3-110.jpeg,False,0,"{'isRedeemable': False, 'redeemableCount': 0, 'redeemedCount': 0}",,
72910,[''],Midnight Deal 3 For Rs.590/-,2021-08-03T18:51:00,2023-01-31T23:59:00,NONE,0,543,0,OUTLET,234588,https://d2liqplnt17rh6.cloudfront.net/dealImages/3_f9f7add2-b59f-48d9-8774-d584aa92081d-626.jpeg,"* 1x Mighty Zinger
* 1x Regular Drink
* For Rs.590/-
* Deal Starts at 12am
* Prices may vary at motorway outlets.
* Terms & Conditions apply.","{'1790': 'F-10 Markaz Islamabad Branch', '1793': 'F-6 Markaz Islamabad Branch', '1794': 'Centaurus Mall Islamabad Branch', '4419': 'I-8 Markaz Islamabad Branch', '35595': 'Giga Mall Islamabad Branch', '587604': 'PWD Islamabad Branch'}",True,false,false,KFC,https://d2liqplnt17rh6.cloudfront.net/logoImages/kfc-logo_bef284ee-8e88-4dba-bdf0-420cca3f95df-803.jpeg,False,0,"{'isRedeemable': False, 'redeemableCount': 0, 'redeemedCount': 0}",1.0,
72810,[''],Customer Choice Deal 4 For Rs.799/-,2021-07-29T12:14:00,2023-01-31T23:59:00,NONE,0,329,0,OUTLET,234588,https://d2liqplnt17rh6.cloudfront.net/dealImages/Deals0_46be73e3-d01a-41bb-bf59-1d310beae56a-72.jpeg,"* Customer Choice Deal 4
* 1x Big Bang 
* 1x Drink
* For Rs.799/-
* Terms & Conditions apply.","{'558036': 'Bahria Town Islamabad Branch', '558039': 'Centaurus Mall Islamabad Branch', '565502': 'Giga Mall Islamabad Branch'}",True,false,false,Burger Lab,https://d2liqplnt17rh6.cloudfront.net/logoImages/6ad37556-51c5-4090-8cec-8c58b665f6b5.png,False,0,"{'isRedeemable': False, 'redeemableCount': 0, 'redeemedCount': 0}",,
72809,[''],Customer Choice Deal 3 For Rs.799/-,2021-07-29T12:08:00,2023-01-31T23:59:00,NONE,0,329,0,OUTLET,234588,https://d2liqplnt17rh6.cloudfront.net/dealImages/Deals00_d8a6ff4d-53fa-4b4d-a0ae-3ed609f29cab-419.jpeg,"* Customer Choice Deal 3
* 1x Doppler 
* 1x Drink
* For Rs.799/-
* Terms & Conditions apply.","{'558036': 'Bahria Town Islamabad Branch', '558039': 'Centaurus Mall Islamabad Branch', '565502': 'Giga Mall Islamabad Branch'}",True,false,false,Burger Lab,https://d2liqplnt17rh6.cloudfront.net/logoImages/6ad37556-51c5-4090-8cec-8c58b665f6b5.png,False,0,"{'isRedeemable': False, 'redeemableCount': 0, 'redeemedCount': 0}",,
72808,[''],Customer Choice Deal 2 For Rs.799/-,2021-07-29T11:43:00,2023-01-31T23:59:00,NONE,0,329,0,OUTLET,234588,https://d2liqplnt17rh6.cloudfront.net/dealImages/Deals000_0a24b7f9-1684-4f33-9e7c-0348b19b0523-746.jpeg,"* Customer Choice Deal 2
* 1x Nuker 
* 1x Drink
* For Rs.799/-
* Terms & Conditions apply.","{'558036': 'Bahria Town Islamabad Branch', '558039': 'Centaurus Mall Islamabad Branch', '565502': 'Giga Mall Islamabad Branch'}",True,false,false,Burger Lab,https://d2liqplnt17rh6.cloudfront.net/logoImages/6ad37556-51c5-4090-8cec-8c58b665f6b5.png,False,0,"{'isRedeemable': False, 'redeemableCount': 0, 'redeemedCount': 0}",,
72807,[''],Customer Choice Deal 1 For Rs.649/-,2021-07-29T11:31:00,2023-01-31T23:59:00,NONE,0,329,0,OUTLET,234588,https://d2liqplnt17rh6.cloudfront.net/dealImages/Deals0000_4316bf32-3b89-466f-aa8b-89880554bb74-307.jpeg,"* Customer Choice Deal 1
* 1x Fire House 
* 1x Drink
* For Rs.649/-
* Terms & Conditions apply.","{'558036': 'Bahria Town Islamabad Branch', '558039': 'Centaurus Mall Islamabad Branch', '565502': 'Giga Mall Islamabad Branch'}",True,false,false,Burger Lab,https://d2liqplnt17rh6.cloudfront.net/logoImages/6ad37556-51c5-4090-8cec-8c58b665f6b5.png,False,0,"{'isRedeemable': False, 'redeemableCount': 0, 'redeemedCount': 0}",,
70962,[''],Royal Feast Deal For Rs.1399/-,2021-06-02T14:26:00,2023-01-31T23:59:00,NONE,0,329,0,OUTLET,234588,https://d2liqplnt17rh6.cloudfront.net/dealImages/11_16f50d4b-300f-4e8f-8cfb-2fe8f13d5394-40.jpeg,"* 2x Firehouse
* 1x Gourmet Fries
* 2x Drinks (345ml)
* For Rs.1399/-
* Terms & Conditions apply","{'558036': 'Bahria Town Islamabad Branch', '558039': 'Centaurus Mall Islamabad Branch', '565502': 'Giga Mall Islamabad Branch'}",True,false,false,Burger Lab,https://d2liqplnt17rh6.cloudfront.net/logoImages/6ad37556-51c5-4090-8cec-8c58b665f6b5.png,False,0,"{'isRedeemable': False, 'redeemableCount': 0, 'redeemedCount': 0}",,
67945,[''],Krunch Burger + Drink For Rs.340/-,2021-03-04T10:56:00,2023-01-31T23:59:00,NONE,0,543,0,OUTLET,234588,https://d2liqplnt17rh6.cloudfront.net/dealImages/krunchdrink_ecfd12a0-f40f-4294-aea3-2614624414ac-314.jpeg,"* 1x Krunch Burger
* 1x Regular Drink
* For Rs.340/-
* Prices may vary at motorway outlets.
* Terms & Conditions apply","{'1790': 'F-10 Markaz Islamabad Branch', '1793': 'F-6 Markaz Islamabad Branch', '1794': 'Centaurus Mall Islamabad Branch', '4419': 'I-8 Markaz Islamabad Branch', '35595': 'Giga Mall Islamabad Branch', '587604': 'PWD Islamabad Branch'}",True,false,false,KFC,https://d2liqplnt17rh6.cloudfront.net/logoImages/kfc-logo_bef284ee-8e88-4dba-bdf0-420cca3f95df-803.jpeg,False,0,"{'isRedeemable': False, 'redeemableCount': 0, 'redeemedCount': 0}",4.0,
65907,[''],Krunch with Fries N Drink For Rs.470/-,2021-01-01T15:23:00,2023-01-31T23:59:00,NONE,0,543,0,OUTLET,234588,https://d2liqplnt17rh6.cloudfront.net/dealImages/KrunchWithFriesNDrink_1f4518d0-9305-46e8-a2a4-05560eda5ed2-856.jpeg,"* 1x Krunch burger
* 1x Regular fries
* 1x Regular drink
* For Rs.470/-
* Prices may vary at motorway outlets.
* Terms & Conditions apply","{'1790': 'F-10 Markaz Islamabad Branch', '1793': 'F-6 Markaz Islamabad Branch', '1794': 'Centaurus Mall Islamabad Branch', '4419': 'I-8 Markaz Islamabad Branch', '35595': 'Giga Mall Islamabad Branch', '587604': 'PWD Islamabad Branch'}",True,false,false,KFC,https://d2liqplnt17rh6.cloudfront.net/logoImages/kfc-logo_bef284ee-8e88-4dba-bdf0-420cca3f95df-803.jpeg,False,0,"{'isRedeemable': False, 'redeemableCount': 0, 'redeemedCount': 0}",6.0,
54544,[''],Breakfast Deal 5 For Rs.330/-,2020-10-29T15:40:00,2023-01-31T23:59:00,NONE,0,811,0,OUTLET,234588,https://d2liqplnt17rh6.cloudfront.net/dealImages/Deals_a60bf4f8-dc16-4050-b46a-1467c8db8607-563.jpeg,"* 1x Donut  
* 1x Tea
* For Rs.330/-
* Terms & Conditions apply","{'2704': 'F-10 Markaz Islamabad Branch', '2705': 'Blue Area Islamabad Branch', '2706': 'I-9 Markaz Islamabad Branch', '101603': 'Giga Mall Islamabad Branch', '342611': 'Bahria Expy Islamabad Branch', '550936': 'Attock Petroleum F-7 Markaz Branch'}",True,false,false,Dunkin Donuts,https://d2liqplnt17rh6.cloudfront.net/logoImages/dunkindonutslogo_90657c07-6380-41dc-b037-edb84f91644c-892.jpeg,False,0,"{'isRedeemable': False, 'redeemableCount': 0, 'redeemedCount': 0}",,
54543,[''],Breakfast Deal 3 For Rs.500/-,2020-10-29T15:36:00,2023-01-31T23:59:00,NONE,0,811,0,OUTLET,234588,https://d2liqplnt17rh6.cloudfront.net/dealImages/Deals1_696d66e7-50bc-461a-b5a4-44525b9bb568-105.jpeg,"* 1x Donut  
* 1x Coffee
* For Rs.500/-
* Terms & Conditions apply","{'2704': 'F-10 Markaz Islamabad Branch', '2705': 'Blue Area Islamabad Branch', '2706': 'I-9 Markaz Islamabad Branch', '101603': 'Giga Mall Islamabad Branch', '342611': 'Bahria Expy Islamabad Branch', '550936': 'Attock Petroleum F-7 Markaz Branch'}",True,false,false,Dunkin Donuts,https://d2liqplnt17rh6.cloudfront.net/logoImages/dunkindonutslogo_90657c07-6380-41dc-b037-edb84f91644c-892.jpeg,False,0,"{'isRedeemable': False, 'redeemableCount': 0, 'redeemedCount': 0}",,
54539,[''],Breakfast Deal 1 For Rs.630/-,2020-10-29T15:31:00,2023-01-31T23:59:00,NONE,0,811,0,OUTLET,234588,https://d2liqplnt17rh6.cloudfront.net/dealImages/Deals_60512cfb-821c-45af-b374-bf2d25e47a81-48.jpeg,"* 1x Egg & Cheese Sandwich
* 1x Coffee
* For Rs.630/-
* Terms & Conditions apply","{'2704': 'F-10 Markaz Islamabad Branch', '2705': 'Blue Area Islamabad Branch', '2706': 'I-9 Markaz Islamabad Branch', '101603': 'Giga Mall Islamabad Branch', '342611': 'Bahria Expy Islamabad Branch', '550936': 'Attock Petroleum F-7 Markaz Branch'}",True,false,false,Dunkin Donuts,https://d2liqplnt17rh6.cloudfront.net/logoImages/dunkindonutslogo_90657c07-6380-41dc-b037-edb84f91644c-892.jpeg,False,0,"{'isRedeemable': False, 'redeemableCount': 0, 'redeemedCount': 0}",,
54508,[''],Family Festival 3 For Rs.2090/-,2020-10-29T10:09:00,2023-01-31T23:59:00,NONE,0,543,0,OUTLET,234588,https://d2liqplnt17rh6.cloudfront.net/dealImages/FamilyFestival2_6ffee464-2e59-4dd8-a855-197f8552b372-778.jpeg,"* 4x Zinger Burgers 
* 4x Pcs Hot and Crispy Chicken
* 2x Dinner Rolls 
* 1x Drink 1.5 Ltr.
* For Rs.2090/-
* Prices may vary at motorway outlets.
* Terms & Conditions apply","{'1790': 'F-10 Markaz Islamabad Branch', '1793': 'F-6 Markaz Islamabad Branch', '1794': 'Centaurus Mall Islamabad Branch', '4419': 'I-8 Markaz Islamabad Branch', '35595': 'Giga Mall Islamabad Branch', '587604': 'PWD Islamabad Branch'}",True,false,false,KFC,https://d2liqplnt17rh6.cloudfront.net/logoImages/kfc-logo_bef284ee-8e88-4dba-bdf0-420cca3f95df-803.jpeg,False,0,"{'isRedeemable': False, 'redeemableCount': 0, 'redeemedCount': 0}",6.0,
54507,[''],Family Festival 2 For Rs.1890/-,2020-10-29T10:06:00,2023-01-31T23:59:00,NONE,0,543,0,OUTLET,234588,https://d2liqplnt17rh6.cloudfront.net/dealImages/FamilyFestival2_8ea5375c-243c-49c0-a01e-fd6711a97e11-12.jpeg,"* 2x Zinger Burgers
* 2x Krunch Burgers
* 4x Pcs Hot and Crispy Chicken
* 2x Dinner Rolls 
* 1x Drink 1.5 Ltr
* For Rs.1890/-
* Prices may vary at motorway outlets.
* Terms & Conditions apply","{'1790': 'F-10 Markaz Islamabad Branch', '1793': 'F-6 Markaz Islamabad Branch', '1794': 'Centaurus Mall Islamabad Branch', '4419': 'I-8 Markaz Islamabad Branch', '35595': 'Giga Mall Islamabad Branch', '587604': 'PWD Islamabad Branch'}",True,false,false,KFC,https://d2liqplnt17rh6.cloudfront.net/logoImages/kfc-logo_bef284ee-8e88-4dba-bdf0-420cca3f95df-803.jpeg,False,0,"{'isRedeemable': False, 'redeemableCount': 0, 'redeemedCount': 0}",,
54506,[''],Family Festival 1 For Rs.1690/-,2020-10-29T10:03:00,2023-01-31T23:59:00,NONE,0,543,0,OUTLET,234588,https://d2liqplnt17rh6.cloudfront.net/dealImages/FamilyFestival1_269dd849-cf36-4a2f-8bc8-f7e2c9aed6d0-297.jpeg,"* 4x Krunch Burgers 
* 4x Pcs Hot and Crispy Chicken
* 1x Drink 1.5 Ltr.
* For Rs.1690/-
* Prices may vary at motorway outlets.
* Terms & Conditions apply","{'1790': 'F-10 Markaz Islamabad Branch', '1793': 'F-6 Markaz Islamabad Branch', '1794': 'Centaurus Mall Islamabad Branch', '4419': 'I-8 Markaz Islamabad Branch', '35595': 'Giga Mall Islamabad Branch', '587604': 'PWD Islamabad Branch'}",True,false,false,KFC,https://d2liqplnt17rh6.cloudfront.net/logoImages/kfc-logo_bef284ee-8e88-4dba-bdf0-420cca3f95df-803.jpeg,False,0,"{'isRedeemable': False, 'redeemableCount': 0, 'redeemedCount': 0}",2.0,
54489,[''],Crispy Box For Rs.540/-,2020-10-28T17:58:00,2023-01-31T23:59:00,NONE,0,543,0,OUTLET,234588,https://d2liqplnt17rh6.cloudfront.net/dealImages/CrispyBox_6dec1c78-16d0-48ca-a17b-438d551bd95a-478.jpeg,"* 2x Pcs Hot & Crispy Chicken 
* 1x Regular Fries 
* 1x Regular Drink
* 1x Coleslaw
* For Rs.540/-
* Prices may vary at motorway outlets.
* Terms & Conditions apply","{'1790': 'F-10 Markaz Islamabad Branch', '1793': 'F-6 Markaz Islamabad Branch', '1794': 'Centaurus Mall Islamabad Branch', '4419': 'I-8 Markaz Islamabad Branch', '35595': 'Giga Mall Islamabad Branch', '587604': 'PWD Islamabad Branch'}",True,false,false,KFC,https://d2liqplnt17rh6.cloudfront.net/logoImages/kfc-logo_bef284ee-8e88-4dba-bdf0-420cca3f95df-803.jpeg,False,0,"{'isRedeemable': False, 'redeemableCount': 0, 'redeemedCount': 0}",2.0,
54488,[''],Wow Meal Box For Rs.810/-,2020-10-28T17:55:00,2023-01-31T23:59:00,NONE,0,543,0,OUTLET,234588,https://d2liqplnt17rh6.cloudfront.net/dealImages/WowMealBox_3d6c70a4-2087-4414-b849-2741d0efd1b0-688.jpeg,"* 1x Signature Zinger
* 1x Pc Hot & Crispy Chicken
* 1x Regular Fries
* 1x Drink 
* 1x Fresh Coleslaw
* For Rs.810/-
* Prices may vary at motorway outlets.
* Terms & Conditions apply","{'1790': 'F-10 Markaz Islamabad Branch', '1793': 'F-6 Markaz Islamabad Branch', '1794': 'Centaurus Mall Islamabad Branch', '4419': 'I-8 Markaz Islamabad Branch', '35595': 'Giga Mall Islamabad Branch', '587604': 'PWD Islamabad Branch'}",True,false,false,KFC,https://d2liqplnt17rh6.cloudfront.net/logoImages/kfc-logo_bef284ee-8e88-4dba-bdf0-420cca3f95df-803.jpeg,False,0,"{'isRedeemable': False, 'redeemableCount': 0, 'redeemedCount': 0}",3.0,
54486,[''],Boneless Meal Box For Rs.580/-,2020-10-28T17:52:00,2023-01-31T23:59:00,NONE,0,543,0,OUTLET,234588,https://d2liqplnt17rh6.cloudfront.net/dealImages/BonelessMealBox_90a14663-7d0c-45c0-9758-832c6bab6900-898.jpeg,"* 4x Chicken Strips
* 1x Coleslaw
* 1x Regular Fries
* 1x Drink 
* 1x Dip
* 1x Dinner Roll
* For Rs.580/-
* Prices may vary at motorway outlets.
* Terms & Conditions apply","{'1790': 'F-10 Markaz Islamabad Branch', '1793': 'F-6 Markaz Islamabad Branch', '1794': 'Centaurus Mall Islamabad Branch', '4419': 'I-8 Markaz Islamabad Branch', '35595': 'Giga Mall Islamabad Branch', '587604': 'PWD Islamabad Branch'}",True,false,false,KFC,https://d2liqplnt17rh6.cloudfront.net/logoImages/kfc-logo_bef284ee-8e88-4dba-bdf0-420cca3f95df-803.jpeg,False,0,"{'isRedeemable': False, 'redeemableCount': 0, 'redeemedCount': 0}",,
54483,[''],Crispy Duo Box For Rs.1020/-,2020-10-28T17:49:00,2023-01-31T23:59:00,NONE,0,543,0,OUTLET,234588,https://d2liqplnt17rh6.cloudfront.net/dealImages/CrispyDuoBox_88f50466-231d-4d97-94e6-c34b1443be22-299.jpeg,"* 5x Pcs Hot & Crispy Chicken
* 1x Large Fries
* 2x Drinks 
* For Rs.1020/-
* Prices may vary at motorway outlets.
* Terms & Conditions apply","{'1790': 'F-10 Markaz Islamabad Branch', '1793': 'F-6 Markaz Islamabad Branch', '1794': 'Centaurus Mall Islamabad Branch', '4419': 'I-8 Markaz Islamabad Branch', '35595': 'Giga Mall Islamabad Branch', '587604': 'PWD Islamabad Branch'}",True,false,false,KFC,https://d2liqplnt17rh6.cloudfront.net/logoImages/kfc-logo_bef284ee-8e88-4dba-bdf0-420cca3f95df-803.jpeg,False,0,"{'isRedeemable': False, 'redeemableCount': 0, 'redeemedCount': 0}",,1.0
34031,[''],Family Meal For Rs.2800/-,2019-09-30T12:26:00,2023-01-31T23:59:00,NONE,0,811,0,OUTLET,234588,https://d2liqplnt17rh6.cloudfront.net/dealImages/FamilyMeal_1c7ff429-dcde-450b-9032-0fa8b433a560-998.jpeg,"* 5x Croissant Sandwich
* 5x Donuts
* 5x Drinks
* For Rs.2800/-
* Terms & Conditions Apply","{'2704': 'F-10 Markaz Islamabad Branch', '2705': 'Blue Area Islamabad Branch', '2706': 'I-9 Markaz Islamabad Branch', '101603': 'Giga Mall Islamabad Branch', '342611': 'Bahria Expy Islamabad Branch', '550936': 'Attock Petroleum F-7 Markaz Branch'}",True,false,false,Dunkin Donuts,https://d2liqplnt17rh6.cloudfront.net/logoImages/dunkindonutslogo_90657c07-6380-41dc-b037-edb84f91644c-892.jpeg,False,0,"{'isRedeemable': False, 'redeemableCount': 0, 'redeemedCount': 0}",,
34030,[''],Value Combo Deal 5 For Rs.550/-,2019-09-30T12:23:00,2023-01-31T23:59:00,NONE,0,811,0,OUTLET,234588,https://d2liqplnt17rh6.cloudfront.net/dealImages/Deal5_d338a012-be42-4e44-89bf-83d3708a25be-447.jpeg,"* 1x Donut
* 1x Iced Coffee / Alaska Cream Coffee
* For Rs.550/-
* Terms & Conditions Apply.","{'2704': 'F-10 Markaz Islamabad Branch', '2705': 'Blue Area Islamabad Branch', '2706': 'I-9 Markaz Islamabad Branch', '101603': 'Giga Mall Islamabad Branch', '342611': 'Bahria Expy Islamabad Branch', '550936': 'Attock Petroleum F-7 Markaz Branch'}",True,false,false,Dunkin Donuts,https://d2liqplnt17rh6.cloudfront.net/logoImages/dunkindonutslogo_90657c07-6380-41dc-b037-edb84f91644c-892.jpeg,False,0,"{'isRedeemable': False, 'redeemableCount': 0, 'redeemedCount': 0}",,
34029,[''],Value Combo Deal 4 For Rs.550/-,2019-09-30T12:22:00,2023-01-31T23:59:00,NONE,0,811,0,OUTLET,234588,https://d2liqplnt17rh6.cloudfront.net/dealImages/Deals1_b0932064-491e-4703-b00a-ff2935a6b776-821.jpeg,"* 1x Donut
* 1x Coffee
* For Rs.550/-
* Terms & Conditions Apply.","{'2704': 'F-10 Markaz Islamabad Branch', '2705': 'Blue Area Islamabad Branch', '2706': 'I-9 Markaz Islamabad Branch', '101603': 'Giga Mall Islamabad Branch', '342611': 'Bahria Expy Islamabad Branch', '550936': 'Attock Petroleum F-7 Markaz Branch'}",True,false,false,Dunkin Donuts,https://d2liqplnt17rh6.cloudfront.net/logoImages/dunkindonutslogo_90657c07-6380-41dc-b037-edb84f91644c-892.jpeg,False,0,"{'isRedeemable': False, 'redeemableCount': 0, 'redeemedCount': 0}",,
34028,[''],Value Combo Deal 3 For Rs.620/-,2019-09-30T12:20:00,2023-01-31T23:59:00,NONE,0,811,0,OUTLET,234588,https://d2liqplnt17rh6.cloudfront.net/dealImages/Deal3_6c5a50b5-e4d0-46c9-ba3f-4fad67e71065-926.jpeg,"* 1x Long John Platter
* 1x Drink
* For Rs.620/-
* Terms & Conditions Apply.","{'2704': 'F-10 Markaz Islamabad Branch', '2705': 'Blue Area Islamabad Branch', '2706': 'I-9 Markaz Islamabad Branch', '101603': 'Giga Mall Islamabad Branch', '342611': 'Bahria Expy Islamabad Branch', '550936': 'Attock Petroleum F-7 Markaz Branch'}",True,false,false,Dunkin Donuts,https://d2liqplnt17rh6.cloudfront.net/logoImages/dunkindonutslogo_90657c07-6380-41dc-b037-edb84f91644c-892.jpeg,False,0,"{'isRedeemable': False, 'redeemableCount': 0, 'redeemedCount': 0}",,
34027,[''],Value Combo Deal 2 For Rs.720/-,2019-09-30T12:18:00,2023-01-31T23:59:00,NONE,0,811,0,OUTLET,234588,https://d2liqplnt17rh6.cloudfront.net/dealImages/Deal2_02040208-7928-4150-a7c4-b2f09e4d6c1d-869.jpeg,"* Tripple Treat.
* For Rs.720/-
* Terms & Conditions Apply.","{'2704': 'F-10 Markaz Islamabad Branch', '2705': 'Blue Area Islamabad Branch', '2706': 'I-9 Markaz Islamabad Branch', '101603': 'Giga Mall Islamabad Branch', '342611': 'Bahria Expy Islamabad Branch', '550936': 'Attock Petroleum F-7 Markaz Branch'}",True,false,false,Dunkin Donuts,https://d2liqplnt17rh6.cloudfront.net/logoImages/dunkindonutslogo_90657c07-6380-41dc-b037-edb84f91644c-892.jpeg,False,0,"{'isRedeemable': False, 'redeemableCount': 0, 'redeemedCount': 0}",,
34026,[''],Value Combo Deal 1 For Rs.720/-,2019-09-30T12:16:00,2023-01-31T23:59:00,NONE,0,811,0,OUTLET,234588,https://d2liqplnt17rh6.cloudfront.net/dealImages/Deals2_e881e207-2d56-4415-a5f0-f8e951d0b054-836.jpeg,"* 1x Egg & Cheese Sandwich.
* 1x Coffee.
* For Rs.720/-
* Terms & Conditions Apply.","{'2704': 'F-10 Markaz Islamabad Branch', '2705': 'Blue Area Islamabad Branch', '2706': 'I-9 Markaz Islamabad Branch', '101603': 'Giga Mall Islamabad Branch', '342611': 'Bahria Expy Islamabad Branch', '550936': 'Attock Petroleum F-7 Markaz Branch'}",True,false,false,Dunkin Donuts,https://d2liqplnt17rh6.cloudfront.net/logoImages/dunkindonutslogo_90657c07-6380-41dc-b037-edb84f91644c-892.jpeg,False,0,"{'isRedeemable': False, 'redeemableCount': 0, 'redeemedCount': 0}",,
33984,[''],Krunch Chicken Combo For Rs.490/-,2019-09-27T16:20:00,2023-01-31T23:59:00,NONE,0,543,0,OUTLET,234588,https://d2liqplnt17rh6.cloudfront.net/dealImages/KrunchChickenCombo_f36e163e-cab0-406e-9323-b28dbac0cd32-381.jpeg,"* 1x Krunch Burger
* 1x Pc of Hot & Crispy Fried Chicken
* 1x Regular Drink
* For Rs.490/-
* Prices may vary at motorway outlets
* Terms & Conditions Apply.","{'1790': 'F-10 Markaz Islamabad Branch', '1793': 'F-6 Markaz Islamabad Branch', '1794': 'Centaurus Mall Islamabad Branch', '4419': 'I-8 Markaz Islamabad Branch', '35595': 'Giga Mall Islamabad Branch', '587604': 'PWD Islamabad Branch'}",True,false,false,KFC,https://d2liqplnt17rh6.cloudfront.net/logoImages/kfc-logo_bef284ee-8e88-4dba-bdf0-420cca3f95df-803.jpeg,False,0,"{'isRedeemable': False, 'redeemableCount': 0, 'redeemedCount': 0}",1.0,
32052,[''],Midnight Deal 2 For Rs.510/-,2019-06-27T17:12:00,2023-01-31T23:59:00,NONE,0,543,0,OUTLET,234588,https://d2liqplnt17rh6.cloudfront.net/dealImages/2_46c4b026-34bd-4361-806d-2cbffd926cb3-186.jpeg,"* 2x Krunch Burgers
* 2x Regular Drinks
* For Rs.510/-
* Deal Starts at 12am
* Prices may vary at motorway outlets.
* Terms & Conditions apply.","{'1790': 'F-10 Markaz Islamabad Branch', '1793': 'F-6 Markaz Islamabad Branch', '1794': 'Centaurus Mall Islamabad Branch', '4419': 'I-8 Markaz Islamabad Branch', '35595': 'Giga Mall Islamabad Branch', '587604': 'PWD Islamabad Branch'}",True,false,false,KFC,https://d2liqplnt17rh6.cloudfront.net/logoImages/kfc-logo_bef284ee-8e88-4dba-bdf0-420cca3f95df-803.jpeg,False,0,"{'isRedeemable': False, 'redeemableCount': 0, 'redeemedCount': 0}",16.0,
32051,[''],Midnight Deal 1 For Rs.410/-,2019-06-27T17:07:00,2023-01-31T23:59:00,NONE,0,543,0,OUTLET,234588,https://d2liqplnt17rh6.cloudfront.net/dealImages/1_b63188e7-cecc-4556-b02f-b639e30c1b30-119.jpeg,"* 1x Zinger Burger
* 1x Regular Drink
* For Rs.410/-
* Deal Starts at 12 am
* Prices may vary at motorway outlets.
* Terms & Conditions apply.","{'1790': 'F-10 Markaz Islamabad Branch', '1793': 'F-6 Markaz Islamabad Branch', '1794': 'Centaurus Mall Islamabad Branch', '4419': 'I-8 Markaz Islamabad Branch', '35595': 'Giga Mall Islamabad Branch', '587604': 'PWD Islamabad Branch'}",True,false,false,KFC,https://d2liqplnt17rh6.cloudfront.net/logoImages/kfc-logo_bef284ee-8e88-4dba-bdf0-420cca3f95df-803.jpeg,False,0,"{'isRedeemable': False, 'redeemableCount': 0, 'redeemedCount': 0}",,
