card,discount_offer,url,vendor_image,vendor_name
Visa Premium Debit Card,"10% off on All Products

Expires August 31, 2023

Available Online",https://allied-web.peekaboo.guru/chichawatni/card-deal/1035/87420/10-off-on-all-products?categoryId=_all,https://d2liqplnt17rh6.cloudfront.net/logoImages/batanewlogo_7f8e1052-f0d1-4792-9d5e-be31f951f1c9-429.jpeg,Bata
Visa Platinum Debit Card,"10% off on All Products

Expires August 31, 2023

Available Online",https://allied-web.peekaboo.guru/chichawatni/card-deal/1035/87420/10-off-on-all-products?categoryId=_all,https://d2liqplnt17rh6.cloudfront.net/logoImages/batanewlogo_7f8e1052-f0d1-4792-9d5e-be31f951f1c9-429.jpeg,Bata
Visa Platinum Credit Card,"10% off on All Products

Expires August 31, 2023

Available Online",https://allied-web.peekaboo.guru/chichawatni/card-deal/1035/87420/10-off-on-all-products?categoryId=_all,https://d2liqplnt17rh6.cloudfront.net/logoImages/batanewlogo_7f8e1052-f0d1-4792-9d5e-be31f951f1c9-429.jpeg,Bata
Visa Gold Credit Card,"10% off on All Products

Expires August 31, 2023

Available Online",https://allied-web.peekaboo.guru/chichawatni/card-deal/1035/87420/10-off-on-all-products?categoryId=_all,https://d2liqplnt17rh6.cloudfront.net/logoImages/batanewlogo_7f8e1052-f0d1-4792-9d5e-be31f951f1c9-429.jpeg,Bata
Gold UPI & PayPak Debit Card,"10% off on All Products

Expires August 31, 2023

Available Online",https://allied-web.peekaboo.guru/chichawatni/card-deal/1035/87420/10-off-on-all-products?categoryId=_all,https://d2liqplnt17rh6.cloudfront.net/logoImages/batanewlogo_7f8e1052-f0d1-4792-9d5e-be31f951f1c9-429.jpeg,Bata
Cash+Shop Sapphire 200 Visa Debit Card,"10% off on All Products

Expires August 31, 2023

Available Online",https://allied-web.peekaboo.guru/chichawatni/card-deal/1035/87420/10-off-on-all-products?categoryId=_all,https://d2liqplnt17rh6.cloudfront.net/logoImages/batanewlogo_7f8e1052-f0d1-4792-9d5e-be31f951f1c9-429.jpeg,Bata
Cash+Shop Sapphire Visa Debit Card,"10% off on All Products

Expires August 31, 2023

Available Online",https://allied-web.peekaboo.guru/chichawatni/card-deal/1035/87420/10-off-on-all-products?categoryId=_all,https://d2liqplnt17rh6.cloudfront.net/logoImages/batanewlogo_7f8e1052-f0d1-4792-9d5e-be31f951f1c9-429.jpeg,Bata
Cash+Shop Classic Visa Debit Card,"10% off on All Products

Expires August 31, 2023

Available Online",https://allied-web.peekaboo.guru/chichawatni/card-deal/1035/87420/10-off-on-all-products?categoryId=_all,https://d2liqplnt17rh6.cloudfront.net/logoImages/batanewlogo_7f8e1052-f0d1-4792-9d5e-be31f951f1c9-429.jpeg,Bata
Youth VISA DebitCard,"10% off on All Products

Expires August 31, 2023

Available Online",https://allied-web.peekaboo.guru/chichawatni/card-deal/1035/87420/10-off-on-all-products?categoryId=_all,https://d2liqplnt17rh6.cloudfront.net/logoImages/batanewlogo_7f8e1052-f0d1-4792-9d5e-be31f951f1c9-429.jpeg,Bata
Classic UPI & PayPak Debit Card,"10% off on All Products

Expires August 31, 2023

Available Online",https://allied-web.peekaboo.guru/chichawatni/card-deal/1035/87420/10-off-on-all-products?categoryId=_all,https://d2liqplnt17rh6.cloudfront.net/logoImages/batanewlogo_7f8e1052-f0d1-4792-9d5e-be31f951f1c9-429.jpeg,Bata
Classic Plus UPI & PayPak Debit Card,"10% off on All Products

Expires August 31, 2023

Available Online",https://allied-web.peekaboo.guru/chichawatni/card-deal/1035/87420/10-off-on-all-products?categoryId=_all,https://d2liqplnt17rh6.cloudfront.net/logoImages/batanewlogo_7f8e1052-f0d1-4792-9d5e-be31f951f1c9-429.jpeg,Bata
EZCash Prepaid Debit Card,"10% off on All Products

Expires August 31, 2023

Available Online",https://allied-web.peekaboo.guru/chichawatni/card-deal/1035/87420/10-off-on-all-products?categoryId=_all,https://d2liqplnt17rh6.cloudfront.net/logoImages/batanewlogo_7f8e1052-f0d1-4792-9d5e-be31f951f1c9-429.jpeg,Bata
Islamic Banking VISA DebitCard,"10% off on All Products

Expires August 31, 2023

Available Online",https://allied-web.peekaboo.guru/chichawatni/card-deal/1035/87420/10-off-on-all-products?categoryId=_all,https://d2liqplnt17rh6.cloudfront.net/logoImages/batanewlogo_7f8e1052-f0d1-4792-9d5e-be31f951f1c9-429.jpeg,Bata
UPI & Paypak myWallet Debit Card,"10% off on All Products

Expires August 31, 2023

Available Online",https://allied-web.peekaboo.guru/chichawatni/card-deal/1035/87420/10-off-on-all-products?categoryId=_all,https://d2liqplnt17rh6.cloudfront.net/logoImages/batanewlogo_7f8e1052-f0d1-4792-9d5e-be31f951f1c9-429.jpeg,Bata
Visa Premium Debit Card,"35% off on Executive Check Up B/C for 3 Months

Expires September 30, 2023",https://allied-web.peekaboo.guru/chichawatni/card-deal/226/87826/35-off-on-executive-check-up-bc-for-3-months?categoryId=_all,https://d2liqplnt17rh6.cloudfront.net/logoImages/chughtailablogo_1e8d2778-ed42-4f43-bb39-c472b1765146-986.jpeg,Chughtai Lab
Visa Platinum Debit Card,"35% off on Executive Check Up B/C for 3 Months

Expires September 30, 2023",https://allied-web.peekaboo.guru/chichawatni/card-deal/226/87826/35-off-on-executive-check-up-bc-for-3-months?categoryId=_all,https://d2liqplnt17rh6.cloudfront.net/logoImages/chughtailablogo_1e8d2778-ed42-4f43-bb39-c472b1765146-986.jpeg,Chughtai Lab
Visa Platinum Credit Card,"35% off on Executive Check Up B/C for 3 Months

Expires September 30, 2023",https://allied-web.peekaboo.guru/chichawatni/card-deal/226/87826/35-off-on-executive-check-up-bc-for-3-months?categoryId=_all,https://d2liqplnt17rh6.cloudfront.net/logoImages/chughtailablogo_1e8d2778-ed42-4f43-bb39-c472b1765146-986.jpeg,Chughtai Lab
Visa Gold Credit Card,"35% off on Executive Check Up B/C for 3 Months

Expires September 30, 2023",https://allied-web.peekaboo.guru/chichawatni/card-deal/226/87826/35-off-on-executive-check-up-bc-for-3-months?categoryId=_all,https://d2liqplnt17rh6.cloudfront.net/logoImages/chughtailablogo_1e8d2778-ed42-4f43-bb39-c472b1765146-986.jpeg,Chughtai Lab
Gold UPI & PayPak Debit Card,"35% off on Executive Check Up B/C for 3 Months

Expires September 30, 2023",https://allied-web.peekaboo.guru/chichawatni/card-deal/226/87826/35-off-on-executive-check-up-bc-for-3-months?categoryId=_all,https://d2liqplnt17rh6.cloudfront.net/logoImages/chughtailablogo_1e8d2778-ed42-4f43-bb39-c472b1765146-986.jpeg,Chughtai Lab
Cash+Shop Sapphire 200 Visa Debit Card,"35% off on Executive Check Up B/C for 3 Months

Expires September 30, 2023",https://allied-web.peekaboo.guru/chichawatni/card-deal/226/87826/35-off-on-executive-check-up-bc-for-3-months?categoryId=_all,https://d2liqplnt17rh6.cloudfront.net/logoImages/chughtailablogo_1e8d2778-ed42-4f43-bb39-c472b1765146-986.jpeg,Chughtai Lab
Cash+Shop Sapphire Visa Debit Card,"35% off on Executive Check Up B/C for 3 Months

Expires September 30, 2023",https://allied-web.peekaboo.guru/chichawatni/card-deal/226/87826/35-off-on-executive-check-up-bc-for-3-months?categoryId=_all,https://d2liqplnt17rh6.cloudfront.net/logoImages/chughtailablogo_1e8d2778-ed42-4f43-bb39-c472b1765146-986.jpeg,Chughtai Lab
Cash+Shop Classic Visa Debit Card,"35% off on Executive Check Up B/C for 3 Months

Expires September 30, 2023",https://allied-web.peekaboo.guru/chichawatni/card-deal/226/87826/35-off-on-executive-check-up-bc-for-3-months?categoryId=_all,https://d2liqplnt17rh6.cloudfront.net/logoImages/chughtailablogo_1e8d2778-ed42-4f43-bb39-c472b1765146-986.jpeg,Chughtai Lab
Youth VISA DebitCard,"35% off on Executive Check Up B/C for 3 Months

Expires September 30, 2023",https://allied-web.peekaboo.guru/chichawatni/card-deal/226/87826/35-off-on-executive-check-up-bc-for-3-months?categoryId=_all,https://d2liqplnt17rh6.cloudfront.net/logoImages/chughtailablogo_1e8d2778-ed42-4f43-bb39-c472b1765146-986.jpeg,Chughtai Lab
Classic UPI & PayPak Debit Card,"35% off on Executive Check Up B/C for 3 Months

Expires September 30, 2023",https://allied-web.peekaboo.guru/chichawatni/card-deal/226/87826/35-off-on-executive-check-up-bc-for-3-months?categoryId=_all,https://d2liqplnt17rh6.cloudfront.net/logoImages/chughtailablogo_1e8d2778-ed42-4f43-bb39-c472b1765146-986.jpeg,Chughtai Lab
Classic Plus UPI & PayPak Debit Card,"35% off on Executive Check Up B/C for 3 Months

Expires September 30, 2023",https://allied-web.peekaboo.guru/chichawatni/card-deal/226/87826/35-off-on-executive-check-up-bc-for-3-months?categoryId=_all,https://d2liqplnt17rh6.cloudfront.net/logoImages/chughtailablogo_1e8d2778-ed42-4f43-bb39-c472b1765146-986.jpeg,Chughtai Lab
EZCash Prepaid Debit Card,"35% off on Executive Check Up B/C for 3 Months

Expires September 30, 2023",https://allied-web.peekaboo.guru/chichawatni/card-deal/226/87826/35-off-on-executive-check-up-bc-for-3-months?categoryId=_all,https://d2liqplnt17rh6.cloudfront.net/logoImages/chughtailablogo_1e8d2778-ed42-4f43-bb39-c472b1765146-986.jpeg,Chughtai Lab
Islamic Banking VISA DebitCard,"35% off on Executive Check Up B/C for 3 Months

Expires September 30, 2023",https://allied-web.peekaboo.guru/chichawatni/card-deal/226/87826/35-off-on-executive-check-up-bc-for-3-months?categoryId=_all,https://d2liqplnt17rh6.cloudfront.net/logoImages/chughtailablogo_1e8d2778-ed42-4f43-bb39-c472b1765146-986.jpeg,Chughtai Lab
UPI & Paypak myWallet Debit Card,"35% off on Executive Check Up B/C for 3 Months

Expires September 30, 2023",https://allied-web.peekaboo.guru/chichawatni/card-deal/226/87826/35-off-on-executive-check-up-bc-for-3-months?categoryId=_all,https://d2liqplnt17rh6.cloudfront.net/logoImages/chughtailablogo_1e8d2778-ed42-4f43-bb39-c472b1765146-986.jpeg,Chughtai Lab
Gold UPI & PayPak Debit Card,"8% off

Expires March 31, 2023

Available Online",https://allied-web.peekaboo.guru/chichawatni/card-deal/1543/89481/8-off?categoryId=_all,https://d2liqplnt17rh6.cloudfront.net/logoImages/Logo_22be5f28-d9d4-427d-947e-3c5569a465c6-230.jpeg,Daraz
Classic UPI & PayPak Debit Card,"8% off

Expires March 31, 2023

Available Online",https://allied-web.peekaboo.guru/chichawatni/card-deal/1543/89481/8-off?categoryId=_all,https://d2liqplnt17rh6.cloudfront.net/logoImages/Logo_22be5f28-d9d4-427d-947e-3c5569a465c6-230.jpeg,Daraz
Classic Plus UPI & PayPak Debit Card,"8% off

Expires March 31, 2023

Available Online",https://allied-web.peekaboo.guru/chichawatni/card-deal/1543/89481/8-off?categoryId=_all,https://d2liqplnt17rh6.cloudfront.net/logoImages/Logo_22be5f28-d9d4-427d-947e-3c5569a465c6-230.jpeg,Daraz
UPI & Paypak myWallet Debit Card,"8% off

Expires March 31, 2023

Available Online",https://allied-web.peekaboo.guru/chichawatni/card-deal/1543/89481/8-off?categoryId=_all,https://d2liqplnt17rh6.cloudfront.net/logoImages/Logo_22be5f28-d9d4-427d-947e-3c5569a465c6-230.jpeg,Daraz
Visa Premium Debit Card,"UP TO 14% off

Expires December 19, 2023

Available Online",https://allied-web.peekaboo.guru/chichawatni/card-deal/27197/90069/up-to-14-off?categoryId=_all,https://d2liqplnt17rh6.cloudfront.net/logoImages/healthwirelogo_68e2d73f-5c9c-4ab1-88d9-d313821568cb-25.jpeg,Healthwire
Visa Platinum Debit Card,"UP TO 14% off

Expires December 19, 2023

Available Online",https://allied-web.peekaboo.guru/chichawatni/card-deal/27197/90069/up-to-14-off?categoryId=_all,https://d2liqplnt17rh6.cloudfront.net/logoImages/healthwirelogo_68e2d73f-5c9c-4ab1-88d9-d313821568cb-25.jpeg,Healthwire
Visa Platinum Credit Card,"UP TO 14% off

Expires December 19, 2023

Available Online",https://allied-web.peekaboo.guru/chichawatni/card-deal/27197/90069/up-to-14-off?categoryId=_all,https://d2liqplnt17rh6.cloudfront.net/logoImages/healthwirelogo_68e2d73f-5c9c-4ab1-88d9-d313821568cb-25.jpeg,Healthwire
Visa Gold Credit Card,"UP TO 14% off

Expires December 19, 2023

Available Online",https://allied-web.peekaboo.guru/chichawatni/card-deal/27197/90069/up-to-14-off?categoryId=_all,https://d2liqplnt17rh6.cloudfront.net/logoImages/healthwirelogo_68e2d73f-5c9c-4ab1-88d9-d313821568cb-25.jpeg,Healthwire
Gold UPI & PayPak Debit Card,"UP TO 14% off

Expires December 19, 2023

Available Online",https://allied-web.peekaboo.guru/chichawatni/card-deal/27197/90069/up-to-14-off?categoryId=_all,https://d2liqplnt17rh6.cloudfront.net/logoImages/healthwirelogo_68e2d73f-5c9c-4ab1-88d9-d313821568cb-25.jpeg,Healthwire
Cash+Shop Sapphire 200 Visa Debit Card,"UP TO 14% off

Expires December 19, 2023

Available Online",https://allied-web.peekaboo.guru/chichawatni/card-deal/27197/90069/up-to-14-off?categoryId=_all,https://d2liqplnt17rh6.cloudfront.net/logoImages/healthwirelogo_68e2d73f-5c9c-4ab1-88d9-d313821568cb-25.jpeg,Healthwire
Cash+Shop Sapphire Visa Debit Card,"UP TO 14% off

Expires December 19, 2023

Available Online",https://allied-web.peekaboo.guru/chichawatni/card-deal/27197/90069/up-to-14-off?categoryId=_all,https://d2liqplnt17rh6.cloudfront.net/logoImages/healthwirelogo_68e2d73f-5c9c-4ab1-88d9-d313821568cb-25.jpeg,Healthwire
Cash+Shop Classic Visa Debit Card,"UP TO 14% off

Expires December 19, 2023

Available Online",https://allied-web.peekaboo.guru/chichawatni/card-deal/27197/90069/up-to-14-off?categoryId=_all,https://d2liqplnt17rh6.cloudfront.net/logoImages/healthwirelogo_68e2d73f-5c9c-4ab1-88d9-d313821568cb-25.jpeg,Healthwire
Youth VISA DebitCard,"UP TO 14% off

Expires December 19, 2023

Available Online",https://allied-web.peekaboo.guru/chichawatni/card-deal/27197/90069/up-to-14-off?categoryId=_all,https://d2liqplnt17rh6.cloudfront.net/logoImages/healthwirelogo_68e2d73f-5c9c-4ab1-88d9-d313821568cb-25.jpeg,Healthwire
Classic UPI & PayPak Debit Card,"UP TO 14% off

Expires December 19, 2023

Available Online",https://allied-web.peekaboo.guru/chichawatni/card-deal/27197/90069/up-to-14-off?categoryId=_all,https://d2liqplnt17rh6.cloudfront.net/logoImages/healthwirelogo_68e2d73f-5c9c-4ab1-88d9-d313821568cb-25.jpeg,Healthwire
Classic Plus UPI & PayPak Debit Card,"UP TO 14% off

Expires December 19, 2023

Available Online",https://allied-web.peekaboo.guru/chichawatni/card-deal/27197/90069/up-to-14-off?categoryId=_all,https://d2liqplnt17rh6.cloudfront.net/logoImages/healthwirelogo_68e2d73f-5c9c-4ab1-88d9-d313821568cb-25.jpeg,Healthwire
EZCash Prepaid Debit Card,"UP TO 14% off

Expires December 19, 2023

Available Online",https://allied-web.peekaboo.guru/chichawatni/card-deal/27197/90069/up-to-14-off?categoryId=_all,https://d2liqplnt17rh6.cloudfront.net/logoImages/healthwirelogo_68e2d73f-5c9c-4ab1-88d9-d313821568cb-25.jpeg,Healthwire
Islamic Banking VISA DebitCard,"UP TO 14% off

Expires December 19, 2023

Available Online",https://allied-web.peekaboo.guru/chichawatni/card-deal/27197/90069/up-to-14-off?categoryId=_all,https://d2liqplnt17rh6.cloudfront.net/logoImages/healthwirelogo_68e2d73f-5c9c-4ab1-88d9-d313821568cb-25.jpeg,Healthwire
UPI & Paypak myWallet Debit Card,"UP TO 14% off

Expires December 19, 2023

Available Online",https://allied-web.peekaboo.guru/chichawatni/card-deal/27197/90069/up-to-14-off?categoryId=_all,https://d2liqplnt17rh6.cloudfront.net/logoImages/healthwirelogo_68e2d73f-5c9c-4ab1-88d9-d313821568cb-25.jpeg,Healthwire
Visa Premium Debit Card,"15% off

Expires March 31, 2023

Available Online",https://allied-web.peekaboo.guru/chichawatni/card-deal/13886/71944/15-off?categoryId=_all,https://d2liqplnt17rh6.cloudfront.net/logoImages/2f8a6a08-4713-4605-85c5-df13fd91fa37-753.jpeg,Laptab
Visa Platinum Debit Card,"15% off

Expires March 31, 2023

Available Online",https://allied-web.peekaboo.guru/chichawatni/card-deal/13886/71944/15-off?categoryId=_all,https://d2liqplnt17rh6.cloudfront.net/logoImages/2f8a6a08-4713-4605-85c5-df13fd91fa37-753.jpeg,Laptab
Visa Platinum Credit Card,"15% off

Expires March 31, 2023

Available Online",https://allied-web.peekaboo.guru/chichawatni/card-deal/13886/71944/15-off?categoryId=_all,https://d2liqplnt17rh6.cloudfront.net/logoImages/2f8a6a08-4713-4605-85c5-df13fd91fa37-753.jpeg,Laptab
Visa Gold Credit Card,"15% off

Expires March 31, 2023

Available Online",https://allied-web.peekaboo.guru/chichawatni/card-deal/13886/71944/15-off?categoryId=_all,https://d2liqplnt17rh6.cloudfront.net/logoImages/2f8a6a08-4713-4605-85c5-df13fd91fa37-753.jpeg,Laptab
Gold UPI & PayPak Debit Card,"15% off

Expires March 31, 2023

Available Online",https://allied-web.peekaboo.guru/chichawatni/card-deal/13886/71944/15-off?categoryId=_all,https://d2liqplnt17rh6.cloudfront.net/logoImages/2f8a6a08-4713-4605-85c5-df13fd91fa37-753.jpeg,Laptab
Cash+Shop Sapphire 200 Visa Debit Card,"15% off

Expires March 31, 2023

Available Online",https://allied-web.peekaboo.guru/chichawatni/card-deal/13886/71944/15-off?categoryId=_all,https://d2liqplnt17rh6.cloudfront.net/logoImages/2f8a6a08-4713-4605-85c5-df13fd91fa37-753.jpeg,Laptab
Cash+Shop Sapphire Visa Debit Card,"15% off

Expires March 31, 2023

Available Online",https://allied-web.peekaboo.guru/chichawatni/card-deal/13886/71944/15-off?categoryId=_all,https://d2liqplnt17rh6.cloudfront.net/logoImages/2f8a6a08-4713-4605-85c5-df13fd91fa37-753.jpeg,Laptab
Cash+Shop Classic Visa Debit Card,"15% off

Expires March 31, 2023

Available Online",https://allied-web.peekaboo.guru/chichawatni/card-deal/13886/71944/15-off?categoryId=_all,https://d2liqplnt17rh6.cloudfront.net/logoImages/2f8a6a08-4713-4605-85c5-df13fd91fa37-753.jpeg,Laptab
Youth VISA DebitCard,"15% off

Expires March 31, 2023

Available Online",https://allied-web.peekaboo.guru/chichawatni/card-deal/13886/71944/15-off?categoryId=_all,https://d2liqplnt17rh6.cloudfront.net/logoImages/2f8a6a08-4713-4605-85c5-df13fd91fa37-753.jpeg,Laptab
Classic UPI & PayPak Debit Card,"15% off

Expires March 31, 2023

Available Online",https://allied-web.peekaboo.guru/chichawatni/card-deal/13886/71944/15-off?categoryId=_all,https://d2liqplnt17rh6.cloudfront.net/logoImages/2f8a6a08-4713-4605-85c5-df13fd91fa37-753.jpeg,Laptab
Classic Plus UPI & PayPak Debit Card,"15% off

Expires March 31, 2023

Available Online",https://allied-web.peekaboo.guru/chichawatni/card-deal/13886/71944/15-off?categoryId=_all,https://d2liqplnt17rh6.cloudfront.net/logoImages/2f8a6a08-4713-4605-85c5-df13fd91fa37-753.jpeg,Laptab
EZCash Prepaid Debit Card,"15% off

Expires March 31, 2023

Available Online",https://allied-web.peekaboo.guru/chichawatni/card-deal/13886/71944/15-off?categoryId=_all,https://d2liqplnt17rh6.cloudfront.net/logoImages/2f8a6a08-4713-4605-85c5-df13fd91fa37-753.jpeg,Laptab
Islamic Banking VISA DebitCard,"15% off

Expires March 31, 2023

Available Online",https://allied-web.peekaboo.guru/chichawatni/card-deal/13886/71944/15-off?categoryId=_all,https://d2liqplnt17rh6.cloudfront.net/logoImages/2f8a6a08-4713-4605-85c5-df13fd91fa37-753.jpeg,Laptab
UPI & Paypak myWallet Debit Card,"15% off

Expires March 31, 2023

Available Online",https://allied-web.peekaboo.guru/chichawatni/card-deal/13886/71944/15-off?categoryId=_all,https://d2liqplnt17rh6.cloudfront.net/logoImages/2f8a6a08-4713-4605-85c5-df13fd91fa37-753.jpeg,Laptab
Visa Premium Debit Card,"25% off

Expires August 14, 2023

Available Online",https://allied-web.peekaboo.guru/chichawatni/card-deal/264/78187/25-off?categoryId=_all,https://d2liqplnt17rh6.cloudfront.net/logoImages/libertybookslogo_d9ffd572-e400-4c57-bab2-a66ef2827dd5-2.jpeg,Liberty Books
Visa Premium Debit Card,"FLAT 15% off on New Arrivals

Expires September 30, 2023

Available Online",https://allied-web.peekaboo.guru/chichawatni/card-deal/914/87770/flat-15-off-on-new-arrivals?categoryId=_all,https://d2liqplnt17rh6.cloudfront.net/logoImages/509708b3-ffff-407d-afeb-d25f8a2e97a9-597.jpg,Metro Shoes
Visa Platinum Debit Card,"FLAT 15% off on New Arrivals

Expires September 30, 2023

Available Online",https://allied-web.peekaboo.guru/chichawatni/card-deal/914/87770/flat-15-off-on-new-arrivals?categoryId=_all,https://d2liqplnt17rh6.cloudfront.net/logoImages/509708b3-ffff-407d-afeb-d25f8a2e97a9-597.jpg,Metro Shoes
Visa Platinum Credit Card,"FLAT 15% off on New Arrivals

Expires September 30, 2023

Available Online",https://allied-web.peekaboo.guru/chichawatni/card-deal/914/87770/flat-15-off-on-new-arrivals?categoryId=_all,https://d2liqplnt17rh6.cloudfront.net/logoImages/509708b3-ffff-407d-afeb-d25f8a2e97a9-597.jpg,Metro Shoes
Visa Gold Credit Card,"FLAT 15% off on New Arrivals

Expires September 30, 2023

Available Online",https://allied-web.peekaboo.guru/chichawatni/card-deal/914/87770/flat-15-off-on-new-arrivals?categoryId=_all,https://d2liqplnt17rh6.cloudfront.net/logoImages/509708b3-ffff-407d-afeb-d25f8a2e97a9-597.jpg,Metro Shoes
Gold UPI & PayPak Debit Card,"FLAT 15% off on New Arrivals

Expires September 30, 2023

Available Online",https://allied-web.peekaboo.guru/chichawatni/card-deal/914/87770/flat-15-off-on-new-arrivals?categoryId=_all,https://d2liqplnt17rh6.cloudfront.net/logoImages/509708b3-ffff-407d-afeb-d25f8a2e97a9-597.jpg,Metro Shoes
Cash+Shop Sapphire 200 Visa Debit Card,"FLAT 15% off on New Arrivals

Expires September 30, 2023

Available Online",https://allied-web.peekaboo.guru/chichawatni/card-deal/914/87770/flat-15-off-on-new-arrivals?categoryId=_all,https://d2liqplnt17rh6.cloudfront.net/logoImages/509708b3-ffff-407d-afeb-d25f8a2e97a9-597.jpg,Metro Shoes
Cash+Shop Sapphire Visa Debit Card,"FLAT 15% off on New Arrivals

Expires September 30, 2023

Available Online",https://allied-web.peekaboo.guru/chichawatni/card-deal/914/87770/flat-15-off-on-new-arrivals?categoryId=_all,https://d2liqplnt17rh6.cloudfront.net/logoImages/509708b3-ffff-407d-afeb-d25f8a2e97a9-597.jpg,Metro Shoes
Cash+Shop Classic Visa Debit Card,"FLAT 15% off on New Arrivals

Expires September 30, 2023

Available Online",https://allied-web.peekaboo.guru/chichawatni/card-deal/914/87770/flat-15-off-on-new-arrivals?categoryId=_all,https://d2liqplnt17rh6.cloudfront.net/logoImages/509708b3-ffff-407d-afeb-d25f8a2e97a9-597.jpg,Metro Shoes
Youth VISA DebitCard,"FLAT 15% off on New Arrivals

Expires September 30, 2023

Available Online",https://allied-web.peekaboo.guru/chichawatni/card-deal/914/87770/flat-15-off-on-new-arrivals?categoryId=_all,https://d2liqplnt17rh6.cloudfront.net/logoImages/509708b3-ffff-407d-afeb-d25f8a2e97a9-597.jpg,Metro Shoes
Classic UPI & PayPak Debit Card,"FLAT 15% off on New Arrivals

Expires September 30, 2023

Available Online",https://allied-web.peekaboo.guru/chichawatni/card-deal/914/87770/flat-15-off-on-new-arrivals?categoryId=_all,https://d2liqplnt17rh6.cloudfront.net/logoImages/509708b3-ffff-407d-afeb-d25f8a2e97a9-597.jpg,Metro Shoes
Classic Plus UPI & PayPak Debit Card,"FLAT 15% off on New Arrivals

Expires September 30, 2023

Available Online",https://allied-web.peekaboo.guru/chichawatni/card-deal/914/87770/flat-15-off-on-new-arrivals?categoryId=_all,https://d2liqplnt17rh6.cloudfront.net/logoImages/509708b3-ffff-407d-afeb-d25f8a2e97a9-597.jpg,Metro Shoes
EZCash Prepaid Debit Card,"FLAT 15% off on New Arrivals

Expires September 30, 2023

Available Online",https://allied-web.peekaboo.guru/chichawatni/card-deal/914/87770/flat-15-off-on-new-arrivals?categoryId=_all,https://d2liqplnt17rh6.cloudfront.net/logoImages/509708b3-ffff-407d-afeb-d25f8a2e97a9-597.jpg,Metro Shoes
Islamic Banking VISA DebitCard,"FLAT 15% off on New Arrivals

Expires September 30, 2023

Available Online",https://allied-web.peekaboo.guru/chichawatni/card-deal/914/87770/flat-15-off-on-new-arrivals?categoryId=_all,https://d2liqplnt17rh6.cloudfront.net/logoImages/509708b3-ffff-407d-afeb-d25f8a2e97a9-597.jpg,Metro Shoes
UPI & Paypak myWallet Debit Card,"FLAT 15% off on New Arrivals

Expires September 30, 2023

Available Online",https://allied-web.peekaboo.guru/chichawatni/card-deal/914/87770/flat-15-off-on-new-arrivals?categoryId=_all,https://d2liqplnt17rh6.cloudfront.net/logoImages/509708b3-ffff-407d-afeb-d25f8a2e97a9-597.jpg,Metro Shoes
Visa Premium Debit Card,"20% off

Expires August 4, 2023

Available Online",https://allied-web.peekaboo.guru/chichawatni/card-deal/16587/86569/20-off?categoryId=_all,https://d2liqplnt17rh6.cloudfront.net/logoImages/thecressjlogo_3eb2b84f-d444-433d-9df1-58832b06e0b3-493.jpeg,The Cress
Visa Platinum Debit Card,"20% off

Expires August 4, 2023

Available Online",https://allied-web.peekaboo.guru/chichawatni/card-deal/16587/86569/20-off?categoryId=_all,https://d2liqplnt17rh6.cloudfront.net/logoImages/thecressjlogo_3eb2b84f-d444-433d-9df1-58832b06e0b3-493.jpeg,The Cress
Visa Platinum Credit Card,"20% off

Expires August 4, 2023

Available Online",https://allied-web.peekaboo.guru/chichawatni/card-deal/16587/86569/20-off?categoryId=_all,https://d2liqplnt17rh6.cloudfront.net/logoImages/thecressjlogo_3eb2b84f-d444-433d-9df1-58832b06e0b3-493.jpeg,The Cress
Visa Premium Debit Card,"25% off on All Products

Expires October 7, 2023

Available Online",https://allied-web.peekaboo.guru/chichawatni/card-deal/12992/75219/25-off-on-all-products?categoryId=_all,https://d2liqplnt17rh6.cloudfront.net/logoImages/toyzone_6c5fe9ca-280c-42e9-b7d5-6cb697f1e929-999.jpeg,ToyZone.Pk
Visa Platinum Debit Card,"25% off on All Products

Expires October 7, 2023

Available Online",https://allied-web.peekaboo.guru/chichawatni/card-deal/12992/75219/25-off-on-all-products?categoryId=_all,https://d2liqplnt17rh6.cloudfront.net/logoImages/toyzone_6c5fe9ca-280c-42e9-b7d5-6cb697f1e929-999.jpeg,ToyZone.Pk
Visa Platinum Credit Card,"25% off on All Products

Expires October 7, 2023

Available Online",https://allied-web.peekaboo.guru/chichawatni/card-deal/12992/75219/25-off-on-all-products?categoryId=_all,https://d2liqplnt17rh6.cloudfront.net/logoImages/toyzone_6c5fe9ca-280c-42e9-b7d5-6cb697f1e929-999.jpeg,ToyZone.Pk
